,Date,Result
0,12072.0,12.8
1,12073.0,
2,12074.0,
3,12075.0,
4,12076.0,
5,12077.0,
6,12078.0,
7,12079.0,
8,12080.0,
9,12081.0,
10,12082.0,
11,12083.0,
12,12084.0,
13,12085.0,
14,12086.0,
15,12087.0,
16,12088.0,
17,12089.0,
18,12090.0,
19,12091.0,
20,12092.0,
21,12093.0,
22,12094.0,
23,12095.0,
24,12096.0,
25,12097.0,
26,12098.0,
27,12099.0,
28,12100.0,
29,12101.0,
30,12102.0,9.82
31,12103.0,
32,12104.0,
33,12105.0,
34,12106.0,
35,12107.0,
36,12108.0,
37,12109.0,
38,12110.0,
39,12111.0,
40,12112.0,
41,12113.0,
42,12114.0,
43,12115.0,
44,12116.0,
45,12117.0,
46,12118.0,
47,12119.0,
48,12120.0,
49,12121.0,
50,12122.0,
51,12123.0,
52,12124.0,
53,12125.0,
54,12126.0,
55,12127.0,
56,12128.0,5.94
57,12129.0,
58,12130.0,
59,12131.0,
60,12132.0,
61,12133.0,
62,12134.0,
63,12135.0,
64,12136.0,
65,12137.0,
66,12138.0,
67,12139.0,
68,12140.0,
69,12141.0,
70,12142.0,
71,12143.0,
72,12144.0,
73,12145.0,
74,12146.0,
75,12147.0,
76,12148.0,
77,12149.0,
78,12150.0,
79,12151.0,
80,12152.0,
81,12153.0,
82,12154.0,
83,12155.0,
84,12156.0,
85,12157.0,2.67
86,12158.0,
87,12159.0,
88,12160.0,
89,12161.0,
90,12162.0,
91,12163.0,
92,12164.0,
93,12165.0,
94,12166.0,
95,12167.0,
96,12168.0,
97,12169.0,
98,12170.0,
99,12171.0,
100,12172.0,
101,12173.0,
102,12174.0,
103,12175.0,
104,12176.0,
105,12177.0,
106,12178.0,
107,12179.0,
108,12180.0,
109,12181.0,
110,12182.0,
111,12183.0,
112,12184.0,
113,12185.0,
114,12186.0,
115,12187.0,
116,12188.0,
117,12189.0,
118,12190.0,
119,12191.0,
120,12192.0,
121,12193.0,2.17
122,12194.0,
123,12195.0,
124,12196.0,
125,12197.0,
126,12198.0,
127,12199.0,
128,12200.0,
129,12201.0,
130,12202.0,
131,12203.0,
132,12204.0,
133,12205.0,
134,12206.0,
135,12207.0,
136,12208.0,
137,12209.0,
138,12210.0,
139,12211.0,
140,12212.0,
141,12213.0,
142,12214.0,
143,12215.0,
144,12216.0,
145,12217.0,
146,12218.0,
147,12219.0,
148,12220.0,
149,12221.0,
150,12222.0,
151,12223.0,
152,12224.0,
153,12225.0,
154,12226.0,
155,12227.0,
156,12228.0,
157,12229.0,1.73
158,12230.0,
159,12231.0,
160,12232.0,
161,12233.0,
162,12234.0,
163,12235.0,
164,12236.0,
165,12237.0,
166,12238.0,
167,12239.0,
168,12240.0,
169,12241.0,
170,12242.0,
171,12243.0,1.85
172,12244.0,
173,12245.0,
174,12246.0,
175,12247.0,
176,12248.0,
177,12249.0,
178,12250.0,
179,12251.0,
180,12252.0,
181,12253.0,
182,12254.0,
183,12255.0,
184,12256.0,
185,12257.0,
186,12258.0,
187,12259.0,
188,12260.0,
189,12261.0,
190,12262.0,
191,12263.0,
192,12264.0,
193,12265.0,
194,12266.0,
195,12267.0,
196,12268.0,
197,12269.0,
198,12270.0,
199,12271.0,
200,12272.0,
201,12273.0,
202,12274.0,
203,12275.0,
204,12276.0,
205,12277.0,1.1
206,12278.0,
207,12279.0,
208,12280.0,
209,12281.0,
210,12282.0,
211,12283.0,
212,12284.0,
213,12285.0,
214,12286.0,
215,12287.0,
216,12288.0,
217,12289.0,
218,12290.0,
219,12291.0,
220,12292.0,
221,12293.0,
222,12294.0,
223,12295.0,
224,12296.0,
225,12297.0,
226,12298.0,
227,12299.0,
228,12300.0,
229,12301.0,
230,12302.0,
231,12303.0,
232,12304.0,
233,12305.0,
234,12306.0,
235,12307.0,
236,12308.0,
237,12309.0,
238,12310.0,1.55
239,12311.0,
240,12312.0,
241,12313.0,
242,12314.0,
243,12315.0,
244,12316.0,
245,12317.0,
246,12318.0,
247,12319.0,
248,12320.0,
249,12321.0,
250,12322.0,
251,12323.0,
252,12324.0,
253,12325.0,
254,12326.0,
255,12327.0,
256,12328.0,
257,12329.0,
258,12330.0,
259,12331.0,
260,12332.0,
261,12333.0,
262,12334.0,
263,12335.0,
264,12336.0,
265,12337.0,
266,12338.0,
267,12339.0,
268,12340.0,
269,12341.0,
270,12342.0,
271,12343.0,
272,12344.0,
273,12345.0,
274,12346.0,3.48
275,12347.0,
276,12348.0,
277,12349.0,
278,12350.0,
279,12351.0,
280,12352.0,
281,12353.0,
282,12354.0,
283,12355.0,
284,12356.0,
285,12357.0,
286,12358.0,
287,12359.0,
288,12360.0,
289,12361.0,
290,12362.0,
291,12363.0,
292,12364.0,
293,12365.0,
294,12366.0,
295,12367.0,
296,12368.0,
297,12369.0,
298,12370.0,
299,12371.0,
300,12372.0,
301,12373.0,
302,12374.0,
303,12375.0,
304,12376.0,
305,12377.0,
306,12378.0,
307,12379.0,
308,12380.0,
309,12381.0,
310,12382.0,
311,12383.0,
312,12384.0,
313,12385.0,
314,12386.0,
315,12387.0,
316,12388.0,
317,12389.0,
318,12390.0,
319,12391.0,
320,12392.0,
321,12393.0,
322,12394.0,
323,12395.0,
324,12396.0,
325,12397.0,
326,12398.0,
327,12399.0,
328,12400.0,
329,12401.0,40.4
330,12402.0,
331,12403.0,
332,12404.0,
333,12405.0,
334,12406.0,
335,12407.0,
336,12408.0,
337,12409.0,
338,12410.0,
339,12411.0,
340,12412.0,
341,12413.0,
342,12414.0,
343,12415.0,
344,12416.0,
345,12417.0,
346,12418.0,
347,12419.0,
348,12420.0,
349,12421.0,
350,12422.0,
351,12423.0,
352,12424.0,30.6
353,12425.0,
354,12426.0,
355,12427.0,
356,12428.0,
357,12429.0,
358,12430.0,
359,12431.0,
360,12432.0,
361,12433.0,
362,12434.0,
363,12435.0,
364,12436.0,
365,12437.0,
366,12438.0,
367,12439.0,
368,12440.0,
369,12441.0,
370,12442.0,
371,12443.0,
372,12444.0,
373,12445.0,
374,12446.0,
375,12447.0,
376,12448.0,
377,12449.0,
378,12450.0,
379,12451.0,
380,12452.0,27.1
381,12453.0,
382,12454.0,
383,12455.0,
384,12456.0,
385,12457.0,
386,12458.0,
387,12459.0,
388,12460.0,
389,12461.0,
390,12462.0,
391,12463.0,
392,12464.0,
393,12465.0,
394,12466.0,
395,12467.0,
396,12468.0,
397,12469.0,
398,12470.0,
399,12471.0,
400,12472.0,
401,12473.0,
402,12474.0,
403,12475.0,
404,12476.0,
405,12477.0,
406,12478.0,
407,12479.0,
408,12480.0,18.0
409,12481.0,
410,12482.0,
411,12483.0,
412,12484.0,
413,12485.0,
414,12486.0,
415,12487.0,
416,12488.0,
417,12489.0,
418,12490.0,
419,12491.0,
420,12492.0,
421,12493.0,
422,12494.0,
423,12495.0,
424,12496.0,
425,12497.0,
426,12498.0,
427,12499.0,15.6
428,12500.0,
429,12501.0,
430,12502.0,
431,12503.0,
432,12504.0,
433,12505.0,
434,12506.0,
435,12507.0,
436,12508.0,
437,12509.0,
438,12510.0,
439,12511.0,
440,12512.0,
441,12513.0,
442,12514.0,
443,12515.0,
444,12516.0,
445,12517.0,
446,12518.0,
447,12519.0,
448,12520.0,
449,12521.0,
450,12522.0,
451,12523.0,
452,12524.0,
453,12525.0,
454,12526.0,
455,12527.0,
456,12528.0,
457,12529.0,
458,12530.0,
459,12531.0,
460,12532.0,
461,12533.0,
462,12534.0,
463,12535.0,7.58
464,12536.0,
465,12537.0,
466,12538.0,
467,12539.0,
468,12540.0,
469,12541.0,
470,12542.0,
471,12543.0,
472,12544.0,
473,12545.0,
474,12546.0,
475,12547.0,
476,12548.0,
477,12549.0,
478,12550.0,
479,12551.0,
480,12552.0,
481,12553.0,
482,12554.0,
483,12555.0,7.77
484,12556.0,
485,12557.0,
486,12558.0,
487,12559.0,
488,12560.0,
489,12561.0,
490,12562.0,
491,12563.0,
492,12564.0,
493,12565.0,
494,12566.0,
495,12567.0,
496,12568.0,
497,12569.0,
498,12570.0,
499,12571.0,
500,12572.0,
501,12573.0,
502,12574.0,
503,12575.0,
504,12576.0,
505,12577.0,
506,12578.0,
507,12579.0,
508,12580.0,
509,12581.0,
510,12582.0,
511,12583.0,2.67
512,12584.0,
513,12585.0,
514,12586.0,
515,12587.0,
516,12588.0,
517,12589.0,
518,12590.0,
519,12591.0,
520,12592.0,
521,12593.0,
522,12594.0,
523,12595.0,
524,12596.0,
525,12597.0,
526,12598.0,
527,12599.0,
528,12600.0,
529,12601.0,
530,12602.0,
531,12603.0,
532,12604.0,
533,12605.0,
534,12606.0,
535,12607.0,
536,12608.0,
537,12609.0,
538,12610.0,
539,12611.0,
540,12612.0,
541,12613.0,
542,12614.0,
543,12615.0,
544,12616.0,
545,12617.0,
546,12618.0,
547,12619.0,
548,12620.0,
549,12621.0,
550,12622.0,
551,12623.0,
552,12624.0,
553,12625.0,
554,12626.0,
555,12627.0,
556,12628.0,
557,12629.0,
558,12630.0,
559,12631.0,
560,12632.0,
561,12633.0,
562,12634.0,
563,12635.0,
564,12636.0,
565,12637.0,
566,12638.0,
567,12639.0,
568,12640.0,
569,12641.0,
570,12642.0,
571,12643.0,
572,12644.0,
573,12645.0,
574,12646.0,3.6
575,12647.0,
576,12648.0,
577,12649.0,
578,12650.0,
579,12651.0,
580,12652.0,
581,12653.0,
582,12654.0,
583,12655.0,
584,12656.0,9.75
585,12657.0,
586,12658.0,
587,12659.0,
588,12660.0,
589,12661.0,
590,12662.0,
591,12663.0,
592,12664.0,
593,12665.0,
594,12666.0,
595,12667.0,
596,12668.0,
597,12669.0,
598,12670.0,
599,12671.0,
600,12672.0,
601,12673.0,
602,12674.0,
603,12675.0,
604,12676.0,
605,12677.0,
606,12678.0,
607,12679.0,
608,12680.0,
609,12681.0,
610,12682.0,
611,12683.0,
612,12684.0,
613,12685.0,
614,12686.0,
615,12687.0,
616,12688.0,
617,12689.0,
618,12690.0,
619,12691.0,
620,12692.0,
621,12693.0,
622,12694.0,
623,12695.0,
624,12696.0,
625,12697.0,
626,12698.0,
627,12699.0,
628,12700.0,
629,12701.0,
630,12702.0,
631,12703.0,
632,12704.0,
633,12705.0,
634,12706.0,
635,12707.0,
636,12708.0,
637,12709.0,
638,12710.0,
639,12711.0,
640,12712.0,19.6
641,12713.0,
642,12714.0,
643,12715.0,
644,12716.0,
645,12717.0,
646,12718.0,
647,12719.0,
648,12720.0,
649,12721.0,
650,12722.0,
651,12723.0,
652,12724.0,
653,12725.0,
654,12726.0,
655,12727.0,
656,12728.0,
657,12729.0,
658,12730.0,
659,12731.0,
660,12732.0,5.96
661,12733.0,
662,12734.0,
663,12735.0,
664,12736.0,
665,12737.0,
666,12738.0,
667,12739.0,
668,12740.0,
669,12741.0,
670,12742.0,
671,12743.0,
672,12744.0,
673,12745.0,
674,12746.0,
675,12747.0,9.97
676,12748.0,
677,12749.0,
678,12750.0,
679,12751.0,
680,12752.0,
681,12753.0,
682,12754.0,
683,12755.0,
684,12756.0,
685,12757.0,
686,12758.0,
687,12759.0,
688,12760.0,
689,12761.0,
690,12762.0,
691,12763.0,
692,12764.0,
693,12765.0,7.2
694,12766.0,
695,12767.0,
696,12768.0,
697,12769.0,
698,12770.0,
699,12771.0,
700,12772.0,
701,12773.0,
702,12774.0,
703,12775.0,
704,12776.0,
705,12777.0,
706,12778.0,
707,12779.0,
708,12780.0,
709,12781.0,
710,12782.0,
711,12783.0,
712,12784.0,
713,12785.0,
714,12786.0,
715,12787.0,
716,12788.0,
717,12789.0,
718,12790.0,
719,12791.0,
720,12792.0,
721,12793.0,
722,12794.0,
723,12795.0,
724,12796.0,
725,12797.0,
726,12798.0,
727,12799.0,
728,12800.0,
729,12801.0,
730,12802.0,
731,12803.0,
732,12804.0,
733,12805.0,
734,12806.0,
735,12807.0,
736,12808.0,
737,12809.0,
738,12810.0,
739,12811.0,
740,12812.0,
741,12813.0,
742,12814.0,
743,12815.0,
744,12816.0,11.3
745,12817.0,
746,12818.0,
747,12819.0,
748,12820.0,
749,12821.0,
750,12822.0,
751,12823.0,
752,12824.0,
753,12825.0,
754,12826.0,
755,12827.0,
756,12828.0,
757,12829.0,
758,12830.0,
759,12831.0,
760,12832.0,
761,12833.0,
762,12834.0,
763,12835.0,12.4
764,12836.0,
765,12837.0,
766,12838.0,
767,12839.0,
768,12840.0,
769,12841.0,
770,12842.0,
771,12843.0,
772,12844.0,
773,12845.0,
774,12846.0,
775,12847.0,
776,12848.0,
777,12849.0,
778,12850.0,
779,12851.0,
780,12852.0,
781,12853.0,
782,12854.0,
783,12855.0,
784,12856.0,
785,12857.0,
786,12858.0,
787,12859.0,
788,12860.0,
789,12861.0,
790,12862.0,
791,12863.0,6.96
792,12864.0,
793,12865.0,
794,12866.0,
795,12867.0,
796,12868.0,
797,12869.0,
798,12870.0,
799,12871.0,
800,12872.0,
801,12873.0,
802,12874.0,
803,12875.0,
804,12876.0,
805,12877.0,
806,12878.0,
807,12879.0,
808,12880.0,
809,12881.0,
810,12882.0,
811,12883.0,
812,12884.0,
813,12885.0,
814,12886.0,
815,12887.0,
816,12888.0,
817,12889.0,
818,12890.0,
819,12891.0,
820,12892.0,
821,12893.0,
822,12894.0,6.0
823,12895.0,
824,12896.0,
825,12897.0,
826,12898.0,
827,12899.0,
828,12900.0,
829,12901.0,
830,12902.0,
831,12903.0,
832,12904.0,
833,12905.0,
834,12906.0,
835,12907.0,
836,12908.0,
837,12909.0,
838,12910.0,
839,12911.0,
840,12912.0,
841,12913.0,
842,12914.0,
843,12915.0,
844,12916.0,
845,12917.0,
846,12918.0,
847,12919.0,
848,12920.0,
849,12921.0,
850,12922.0,
851,12923.0,1.94
852,12924.0,
853,12925.0,
854,12926.0,
855,12927.0,
856,12928.0,
857,12929.0,
858,12930.0,
859,12931.0,
860,12932.0,
861,12933.0,
862,12934.0,
863,12935.0,
864,12936.0,
865,12937.0,
866,12938.0,
867,12939.0,
868,12940.0,
869,12941.0,
870,12942.0,
871,12943.0,
872,12944.0,
873,12945.0,
874,12946.0,
875,12947.0,
876,12948.0,
877,12949.0,
878,12950.0,
879,12951.0,
880,12952.0,
881,12953.0,
882,12954.0,
883,12955.0,
884,12956.0,
885,12957.0,
886,12958.0,
887,12959.0,
888,12960.0,
889,12961.0,
890,12962.0,1.78
891,12963.0,
892,12964.0,
893,12965.0,
894,12966.0,
895,12967.0,
896,12968.0,
897,12969.0,
898,12970.0,
899,12971.0,
900,12972.0,
901,12973.0,
902,12974.0,
903,12975.0,
904,12976.0,
905,12977.0,
906,12978.0,
907,12979.0,
908,12980.0,
909,12981.0,
910,12982.0,
911,12983.0,
912,12984.0,
913,12985.0,
914,12986.0,
915,12987.0,
916,12988.0,
917,12989.0,
918,12990.0,2.42
919,12991.0,
920,12992.0,
921,12993.0,
922,12994.0,
923,12995.0,
924,12996.0,
925,12997.0,
926,12998.0,
927,12999.0,
928,13000.0,
929,13001.0,
930,13002.0,
931,13003.0,
932,13004.0,
933,13005.0,
934,13006.0,
935,13007.0,
936,13008.0,
937,13009.0,
938,13010.0,
939,13011.0,
940,13012.0,
941,13013.0,
942,13014.0,
943,13015.0,
944,13016.0,
945,13017.0,
946,13018.0,
947,13019.0,
948,13020.0,
949,13021.0,
950,13022.0,
951,13023.0,
952,13024.0,
953,13025.0,
954,13026.0,
955,13027.0,
956,13028.0,
957,13029.0,
958,13030.0,
959,13031.0,
960,13032.0,
961,13033.0,
962,13034.0,
963,13035.0,
964,13036.0,
965,13037.0,
966,13038.0,7.55
967,13039.0,
968,13040.0,
969,13041.0,
970,13042.0,
971,13043.0,
972,13044.0,
973,13045.0,
974,13046.0,
975,13047.0,
976,13048.0,
977,13049.0,
978,13050.0,
979,13051.0,
980,13052.0,
981,13053.0,
982,13054.0,
983,13055.0,2.75
984,13056.0,
985,13057.0,
986,13058.0,
987,13059.0,
988,13060.0,
989,13061.0,
990,13062.0,
991,13063.0,
992,13064.0,
993,13065.0,
994,13066.0,
995,13067.0,
996,13068.0,
997,13069.0,
998,13070.0,
999,13071.0,
1000,13072.0,
1001,13073.0,
1002,13074.0,
1003,13075.0,
1004,13076.0,
1005,13077.0,
1006,13078.0,
1007,13079.0,
1008,13080.0,
1009,13081.0,
1010,13082.0,
1011,13083.0,
1012,13084.0,
1013,13085.0,
1014,13086.0,
1015,13087.0,
1016,13088.0,
1017,13089.0,
1018,13090.0,
1019,13091.0,
1020,13092.0,
1021,13093.0,
1022,13094.0,
1023,13095.0,8.56
1024,13096.0,
1025,13097.0,
1026,13098.0,
1027,13099.0,
1028,13100.0,
1029,13101.0,
1030,13102.0,
1031,13103.0,
1032,13104.0,
1033,13105.0,
1034,13106.0,
1035,13107.0,
1036,13108.0,
1037,13109.0,
1038,13110.0,3.7
1039,13111.0,
1040,13112.0,
1041,13113.0,
1042,13114.0,
1043,13115.0,
1044,13116.0,
1045,13117.0,
1046,13118.0,
1047,13119.0,
1048,13120.0,
1049,13121.0,
1050,13122.0,
1051,13123.0,
1052,13124.0,
1053,13125.0,
1054,13126.0,
1055,13127.0,
1056,13128.0,
1057,13129.0,
1058,13130.0,
1059,13131.0,4.76
1060,13132.0,
1061,13133.0,
1062,13134.0,
1063,13135.0,
1064,13136.0,
1065,13137.0,
1066,13138.0,
1067,13139.0,
1068,13140.0,
1069,13141.0,
1070,13142.0,
1071,13143.0,
1072,13144.0,
1073,13145.0,
1074,13146.0,
1075,13147.0,
1076,13148.0,
1077,13149.0,
1078,13150.0,
1079,13151.0,
1080,13152.0,
1081,13153.0,
1082,13154.0,
1083,13155.0,
1084,13156.0,
1085,13157.0,
1086,13158.0,
1087,13159.0,
1088,13160.0,
1089,13161.0,
1090,13162.0,
1091,13163.0,
1092,13164.0,
1093,13165.0,9.08
1094,13166.0,
1095,13167.0,
1096,13168.0,
1097,13169.0,
1098,13170.0,
1099,13171.0,
1100,13172.0,
1101,13173.0,
1102,13174.0,
1103,13175.0,
1104,13176.0,
1105,13177.0,
1106,13178.0,
1107,13179.0,
1108,13180.0,
1109,13181.0,
1110,13182.0,
1111,13183.0,
1112,13184.0,
1113,13185.0,
1114,13186.0,
1115,13187.0,
1116,13188.0,
1117,13189.0,
1118,13190.0,
1119,13191.0,
1120,13192.0,
1121,13193.0,
1122,13194.0,
1123,13195.0,14.3
1124,13196.0,
1125,13197.0,
1126,13198.0,
1127,13199.0,
1128,13200.0,
1129,13201.0,
1130,13202.0,
1131,13203.0,
1132,13204.0,
1133,13205.0,
1134,13206.0,
1135,13207.0,
1136,13208.0,
1137,13209.0,
1138,13210.0,
1139,13211.0,
1140,13212.0,
1141,13213.0,
1142,13214.0,
1143,13215.0,
1144,13216.0,
1145,13217.0,
1146,13218.0,
1147,13219.0,
1148,13220.0,
1149,13221.0,
1150,13222.0,
1151,13223.0,
1152,13224.0,8.81
1153,13225.0,
1154,13226.0,
1155,13227.0,
1156,13228.0,
1157,13229.0,
1158,13230.0,
1159,13231.0,
1160,13232.0,
1161,13233.0,
1162,13234.0,
1163,13235.0,
1164,13236.0,
1165,13237.0,
1166,13238.0,
1167,13239.0,
1168,13240.0,
1169,13241.0,
1170,13242.0,
1171,13243.0,
1172,13244.0,
1173,13245.0,
1174,13246.0,
1175,13247.0,
1176,13248.0,
1177,13249.0,
1178,13250.0,
1179,13251.0,
1180,13252.0,
1181,13253.0,
1182,13254.0,
1183,13255.0,
1184,13256.0,
1185,13257.0,
1186,13258.0,1.58
1187,13259.0,
1188,13260.0,
1189,13261.0,
1190,13262.0,
1191,13263.0,
1192,13264.0,
1193,13265.0,
1194,13266.0,
1195,13267.0,
1196,13268.0,
1197,13269.0,
1198,13270.0,
1199,13271.0,
1200,13272.0,
1201,13273.0,
1202,13274.0,
1203,13275.0,
1204,13276.0,
1205,13277.0,
1206,13278.0,
1207,13279.0,
1208,13280.0,
1209,13281.0,
1210,13282.0,
1211,13283.0,
1212,13284.0,5.16
1213,13285.0,
1214,13286.0,
1215,13287.0,
1216,13288.0,
1217,13289.0,
1218,13290.0,
1219,13291.0,
1220,13292.0,
1221,13293.0,
1222,13294.0,
1223,13295.0,
1224,13296.0,
1225,13297.0,
1226,13298.0,
1227,13299.0,
1228,13300.0,
1229,13301.0,
1230,13302.0,
1231,13303.0,
1232,13304.0,
1233,13305.0,
1234,13306.0,
1235,13307.0,
1236,13308.0,
1237,13309.0,
1238,13310.0,
1239,13311.0,
1240,13312.0,
1241,13313.0,
1242,13314.0,
1243,13315.0,
1244,13316.0,
1245,13317.0,
1246,13318.0,
1247,13319.0,
1248,13320.0,
1249,13321.0,
1250,13322.0,
1251,13323.0,
1252,13324.0,
1253,13325.0,
1254,13326.0,1.75
1255,13327.0,
1256,13328.0,
1257,13329.0,
1258,13330.0,
1259,13331.0,
1260,13332.0,
1261,13333.0,
1262,13334.0,
1263,13335.0,
1264,13336.0,
1265,13337.0,
1266,13338.0,
1267,13339.0,
1268,13340.0,
1269,13341.0,
1270,13342.0,
1271,13343.0,
1272,13344.0,
1273,13345.0,
1274,13346.0,
1275,13347.0,0.629
1276,13348.0,
1277,13349.0,
1278,13350.0,
1279,13351.0,
1280,13352.0,
1281,13353.0,
1282,13354.0,
1283,13355.0,
1284,13356.0,
1285,13357.0,
1286,13358.0,
1287,13359.0,
1288,13360.0,
1289,13361.0,
1290,13362.0,
1291,13363.0,
1292,13364.0,
1293,13365.0,
1294,13366.0,
1295,13367.0,
1296,13368.0,
1297,13369.0,
1298,13370.0,
1299,13371.0,
1300,13372.0,
1301,13373.0,
1302,13374.0,
1303,13375.0,
1304,13376.0,
1305,13377.0,
1306,13378.0,
1307,13379.0,
1308,13380.0,
1309,13381.0,
1310,13382.0,12.1
1311,13383.0,
1312,13384.0,
1313,13385.0,
1314,13386.0,
1315,13387.0,
1316,13388.0,
1317,13389.0,
1318,13390.0,
1319,13391.0,
1320,13392.0,
1321,13393.0,
1322,13394.0,
1323,13395.0,
1324,13396.0,
1325,13397.0,
1326,13398.0,
1327,13399.0,
1328,13400.0,
1329,13401.0,
1330,13402.0,
1331,13403.0,
1332,13404.0,
1333,13405.0,
1334,13406.0,
1335,13407.0,
1336,13408.0,
1337,13409.0,
1338,13410.0,1.71
1339,13411.0,
1340,13412.0,
1341,13413.0,
1342,13414.0,
1343,13415.0,
1344,13416.0,
1345,13417.0,
1346,13418.0,
1347,13419.0,
1348,13420.0,
1349,13421.0,
1350,13422.0,
1351,13423.0,
1352,13424.0,
1353,13425.0,
1354,13426.0,
1355,13427.0,
1356,13428.0,
1357,13429.0,
1358,13430.0,
1359,13431.0,
1360,13432.0,
1361,13433.0,
1362,13434.0,
1363,13435.0,
1364,13436.0,
1365,13437.0,
1366,13438.0,
1367,13439.0,3.98
1368,13440.0,
1369,13441.0,
1370,13442.0,
1371,13443.0,
1372,13444.0,
1373,13445.0,
1374,13446.0,
1375,13447.0,
1376,13448.0,
1377,13449.0,
1378,13450.0,
1379,13451.0,
1380,13452.0,
1381,13453.0,
1382,13454.0,
1383,13455.0,
1384,13456.0,
1385,13457.0,
1386,13458.0,
1387,13459.0,
1388,13460.0,4.83
1389,13461.0,
1390,13462.0,
1391,13463.0,
1392,13464.0,
1393,13465.0,
1394,13466.0,
1395,13467.0,
1396,13468.0,
1397,13469.0,
1398,13470.0,
1399,13471.0,
1400,13472.0,
1401,13473.0,
1402,13474.0,
1403,13475.0,
1404,13476.0,
1405,13477.0,
1406,13478.0,
1407,13479.0,
1408,13480.0,
1409,13481.0,
1410,13482.0,
1411,13483.0,
1412,13484.0,
1413,13485.0,
1414,13486.0,
1415,13487.0,
1416,13488.0,
1417,13489.0,
1418,13490.0,
1419,13491.0,
1420,13492.0,
1421,13493.0,
1422,13494.0,
1423,13495.0,
1424,13496.0,
1425,13497.0,13.5
1426,13498.0,
1427,13499.0,
1428,13500.0,
1429,13501.0,
1430,13502.0,
1431,13503.0,
1432,13504.0,
1433,13505.0,
1434,13506.0,
1435,13507.0,
1436,13508.0,
1437,13509.0,
1438,13510.0,
1439,13511.0,
1440,13512.0,
1441,13513.0,
1442,13514.0,
1443,13515.0,
1444,13516.0,
1445,13517.0,
1446,13518.0,
1447,13519.0,
1448,13520.0,
1449,13521.0,
1450,13522.0,
1451,13523.0,12.5
1452,13524.0,
1453,13525.0,
1454,13526.0,
1455,13527.0,
1456,13528.0,10.7
1457,13529.0,
1458,13530.0,
1459,13531.0,
1460,13532.0,
1461,13533.0,
1462,13534.0,
1463,13535.0,
1464,13536.0,
1465,13537.0,10.1
1466,13538.0,9.83
1467,13539.0,
1468,13540.0,
1469,13541.0,
1470,13542.0,
1471,13543.0,
1472,13544.0,
1473,13545.0,7.56
1474,13546.0,
1475,13547.0,
1476,13548.0,
1477,13549.0,
1478,13550.0,
1479,13551.0,7.06
1480,13552.0,
1481,13553.0,
1482,13554.0,
1483,13555.0,
1484,13556.0,
1485,13557.0,
1486,13558.0,
1487,13559.0,8.61
1488,13560.0,
1489,13561.0,
1490,13562.0,
1491,13563.0,
1492,13564.0,
1493,13565.0,
1494,13566.0,7.84
1495,13566.0,7.72
1496,13567.0,
1497,13568.0,
1498,13569.0,
1499,13570.0,
1500,13571.0,
1501,13572.0,7.12
1502,13573.0,
1503,13574.0,
1504,13575.0,
1505,13576.0,
1506,13577.0,
1507,13578.0,5.88
1508,13579.0,
1509,13580.0,
1510,13581.0,
1511,13582.0,
1512,13583.0,
1513,13584.0,
1514,13585.0,
1515,13586.0,6.81
1516,13587.0,
1517,13588.0,
1518,13589.0,
1519,13590.0,
1520,13591.0,
1521,13592.0,
1522,13593.0,6.86
1523,13594.0,
1524,13595.0,
1525,13596.0,
1526,13597.0,
1527,13598.0,
1528,13599.0,5.08
1529,13600.0,4.51
1530,13601.0,
1531,13602.0,
1532,13603.0,
1533,13604.0,
1534,13605.0,
1535,13606.0,
1536,13607.0,3.68
1537,13608.0,
1538,13609.0,
1539,13610.0,
1540,13611.0,
1541,13612.0,
1542,13613.0,
1543,13614.0,2.61
1544,13615.0,
1545,13616.0,
1546,13617.0,
1547,13618.0,
1548,13619.0,
1549,13620.0,
1550,13621.0,1.78
1551,13622.0,
1552,13623.0,
1553,13624.0,
1554,13625.0,
1555,13626.0,
1556,13627.0,
1557,13628.0,1.49
1558,13629.0,
1559,13630.0,1.4
1560,13631.0,
1561,13632.0,
1562,13633.0,
1563,13634.0,
1564,13635.0,1.44
1565,13636.0,
1566,13637.0,
1567,13638.0,
1568,13639.0,
1569,13640.0,
1570,13641.0,
1571,13642.0,1.77
1572,13643.0,
1573,13644.0,
1574,13645.0,
1575,13646.0,
1576,13647.0,
1577,13648.0,
1578,13649.0,16.5
1579,13650.0,
1580,13651.0,
1581,13652.0,
1582,13653.0,
1583,13654.0,
1584,13655.0,7.3
1585,13656.0,
1586,13657.0,
1587,13658.0,
1588,13659.0,
1589,13660.0,
1590,13661.0,
1591,13662.0,
1592,13663.0,15.9
1593,13664.0,
1594,13665.0,
1595,13666.0,
1596,13667.0,
1597,13668.0,
1598,13669.0,
1599,13670.0,4.52
1600,13670.0,4.61
1601,13671.0,
1602,13672.0,
1603,13673.0,
1604,13674.0,
1605,13675.0,
1606,13676.0,
1607,13677.0,2.75
1608,13678.0,
1609,13679.0,
1610,13680.0,
1611,13681.0,
1612,13682.0,
1613,13683.0,
1614,13684.0,
1615,13685.0,4.78
1616,13686.0,
1617,13687.0,
1618,13688.0,
1619,13689.0,
1620,13690.0,
1621,13691.0,5.92
1622,13692.0,
1623,13693.0,
1624,13694.0,
1625,13695.0,
1626,13696.0,
1627,13697.0,
1628,13698.0,
1629,13699.0,
1630,13700.0,
1631,13701.0,
1632,13702.0,
1633,13703.0,
1634,13704.0,
1635,13705.0,
1636,13706.0,3.11
1637,13707.0,
1638,13708.0,
1639,13709.0,
1640,13710.0,
1641,13711.0,
1642,13712.0,
1643,13713.0,2.29
1644,13714.0,
1645,13715.0,
1646,13716.0,
1647,13717.0,
1648,13718.0,2.62
1649,13719.0,
1650,13720.0,
1651,13721.0,
1652,13722.0,
1653,13723.0,
1654,13724.0,
1655,13725.0,
1656,13726.0,
1657,13727.0,
1658,13728.0,2.29
1659,13729.0,
1660,13730.0,
1661,13731.0,
1662,13732.0,
1663,13733.0,2.1
1664,13734.0,
1665,13735.0,
1666,13736.0,
1667,13737.0,
1668,13738.0,
1669,13739.0,
1670,13740.0,2.17
1671,13740.0,2.15
1672,13741.0,
1673,13742.0,
1674,13743.0,
1675,13744.0,
1676,13745.0,
1677,13746.0,
1678,13747.0,7.18
1679,13748.0,
1680,13749.0,
1681,13750.0,
1682,13751.0,
1683,13752.0,
1684,13753.0,
1685,13754.0,3.74
1686,13755.0,
1687,13756.0,
1688,13757.0,
1689,13758.0,
1690,13759.0,
1691,13760.0,2.85
1692,13760.0,2.9
1693,13761.0,
1694,13762.0,
1695,13763.0,
1696,13764.0,
1697,13765.0,
1698,13766.0,
1699,13767.0,2.58
1700,13768.0,
1701,13769.0,2.54
1702,13770.0,
1703,13771.0,
1704,13772.0,
1705,13773.0,
1706,13774.0,
1707,13775.0,2.72
1708,13776.0,
1709,13777.0,
1710,13778.0,
1711,13779.0,
1712,13780.0,
1713,13781.0,
1714,13782.0,
1715,13783.0,
1716,13784.0,6.44
1717,13785.0,
1718,13786.0,
1719,13787.0,
1720,13788.0,
1721,13789.0,6.12
1722,13789.0,5.97
1723,13790.0,
1724,13791.0,
1725,13792.0,
1726,13793.0,
1727,13794.0,
1728,13795.0,
1729,13796.0,23.3
1730,13797.0,
1731,13798.0,
1732,13799.0,
1733,13800.0,
1734,13801.0,5.75
1735,13802.0,
1736,13803.0,
1737,13804.0,
1738,13805.0,12.7
1739,13806.0,
1740,13807.0,
1741,13808.0,
1742,13809.0,6.64
1743,13810.0,
1744,13811.0,
1745,13812.0,
1746,13813.0,
1747,13814.0,
1748,13815.0,
1749,13816.0,
1750,13817.0,4.17
1751,13818.0,
1752,13819.0,
1753,13820.0,
1754,13821.0,
1755,13822.0,
1756,13823.0,
1757,13824.0,2.83
1758,13825.0,
1759,13826.0,
1760,13827.0,
1761,13828.0,
1762,13829.0,
1763,13830.0,
1764,13831.0,
1765,13832.0,
1766,13833.0,3.96
1767,13833.0,3.92
1768,13834.0,
1769,13835.0,
1770,13836.0,
1771,13837.0,
1772,13838.0,20.7
1773,13839.0,
1774,13840.0,
1775,13841.0,
1776,13842.0,
1777,13843.0,
1778,13844.0,
1779,13845.0,7.27
1780,13846.0,
1781,13847.0,
1782,13848.0,
1783,13849.0,
1784,13850.0,
1785,13851.0,10.2
1786,13851.0,10.1
1787,13852.0,
1788,13853.0,
1789,13854.0,
1790,13855.0,
1791,13856.0,
1792,13857.0,
1793,13858.0,14.1
1794,13859.0,
1795,13860.0,
1796,13861.0,
1797,13862.0,
1798,13863.0,
1799,13864.0,8.11
1800,13865.0,
1801,13866.0,
1802,13867.0,
1803,13868.0,
1804,13869.0,
1805,13870.0,
1806,13871.0,
1807,13872.0,
1808,13873.0,
1809,13874.0,
1810,13875.0,
1811,13876.0,
1812,13877.0,
1813,13878.0,
1814,13879.0,
1815,13880.0,
1816,13881.0,
1817,13882.0,
1818,13883.0,
1819,13884.0,
1820,13885.0,
1821,13886.0,
1822,13887.0,
1823,13888.0,
1824,13889.0,
1825,13890.0,
1826,13891.0,
1827,13892.0,
1828,13893.0,
1829,13894.0,
1830,13895.0,
1831,13896.0,
1832,13897.0,
1833,13898.0,
1834,13899.0,
1835,13900.0,
1836,13901.0,
1837,13902.0,
1838,13903.0,9.16
1839,13904.0,
1840,13905.0,
1841,13906.0,
1842,13907.0,
1843,13908.0,
1844,13909.0,
1845,13910.0,
1846,13911.0,
1847,13912.0,
1848,13913.0,
1849,13914.0,
1850,13915.0,
1851,13916.0,7.55
1852,13917.0,
1853,13918.0,
1854,13919.0,
1855,13920.0,
1856,13921.0,
1857,13922.0,
1858,13923.0,
1859,13924.0,
1860,13925.0,
1861,13926.0,
1862,13927.0,
1863,13928.0,
1864,13929.0,
1865,13930.0,
1866,13931.0,
1867,13932.0,
1868,13933.0,
1869,13934.0,
1870,13935.0,
1871,13936.0,
1872,13937.0,
1873,13938.0,
1874,13939.0,
1875,13940.0,
1876,13941.0,
1877,13942.0,
1878,13943.0,
1879,13944.0,
1880,13945.0,
1881,13946.0,
1882,13947.0,
1883,13948.0,
1884,13949.0,
1885,13950.0,
1886,13951.0,
1887,13952.0,
1888,13953.0,
1889,13954.0,
1890,13955.0,
1891,13956.0,
1892,13957.0,
1893,13958.0,
1894,13959.0,
1895,13960.0,
1896,13961.0,
1897,13962.0,
1898,13963.0,
1899,13964.0,6.76
1900,13965.0,
1901,13966.0,
1902,13967.0,
1903,13968.0,
1904,13969.0,
1905,13970.0,
1906,13971.0,
1907,13972.0,
1908,13973.0,
1909,13974.0,
1910,13975.0,
1911,13976.0,
1912,13977.0,
1913,13978.0,
1914,13979.0,
1915,13980.0,
1916,13981.0,
1917,13982.0,
1918,13983.0,
1919,13984.0,
1920,13985.0,
1921,13986.0,4.17
1922,13987.0,
1923,13988.0,
1924,13989.0,
1925,13990.0,
1926,13991.0,
1927,13992.0,
1928,13993.0,
1929,13994.0,
1930,13995.0,
1931,13996.0,
1932,13997.0,
1933,13998.0,
1934,13999.0,
1935,14000.0,
1936,14001.0,
1937,14002.0,
1938,14003.0,
1939,14004.0,
1940,14005.0,
1941,14006.0,
1942,14007.0,
1943,14008.0,
1944,14009.0,
1945,14010.0,
1946,14011.0,
1947,14012.0,
1948,14013.0,
1949,14014.0,2.13
1950,14015.0,
1951,14016.0,
1952,14017.0,
1953,14018.0,
1954,14019.0,
1955,14020.0,
1956,14021.0,
1957,14022.0,
1958,14023.0,
1959,14024.0,
1960,14025.0,
1961,14026.0,
1962,14027.0,
1963,14028.0,
1964,14029.0,
1965,14030.0,
1966,14031.0,
1967,14032.0,
1968,14033.0,
1969,14034.0,
1970,14035.0,
1971,14036.0,
1972,14037.0,
1973,14038.0,
1974,14039.0,
1975,14040.0,
1976,14041.0,
1977,14042.0,
1978,14043.0,
1979,14044.0,
1980,14045.0,
1981,14046.0,
1982,14047.0,
1983,14048.0,
1984,14049.0,
1985,14050.0,
1986,14051.0,
1987,14052.0,
1988,14053.0,3.02
1989,14054.0,
1990,14055.0,
1991,14056.0,
1992,14057.0,
1993,14058.0,
1994,14059.0,
1995,14060.0,
1996,14061.0,
1997,14062.0,
1998,14063.0,
1999,14064.0,
2000,14065.0,
2001,14066.0,
2002,14067.0,
2003,14068.0,
2004,14069.0,
2005,14070.0,
2006,14071.0,
2007,14072.0,
2008,14073.0,
2009,14074.0,
2010,14075.0,
2011,14076.0,
2012,14077.0,
2013,14078.0,
2014,14079.0,
2015,14080.0,
2016,14081.0,
2017,14082.0,
2018,14083.0,2.57
2019,14084.0,
2020,14085.0,
2021,14086.0,
2022,14087.0,
2023,14088.0,
2024,14089.0,
2025,14090.0,
2026,14091.0,
2027,14092.0,
2028,14093.0,
2029,14094.0,
2030,14095.0,2.54
2031,14096.0,
2032,14097.0,
2033,14098.0,
2034,14099.0,
2035,14100.0,
2036,14101.0,
2037,14102.0,
2038,14103.0,
2039,14104.0,6.06
2040,14105.0,
2041,14106.0,
2042,14107.0,
2043,14108.0,
2044,14109.0,
2045,14110.0,
2046,14111.0,2.95
2047,14112.0,
2048,14113.0,
2049,14114.0,
2050,14115.0,
2051,14116.0,
2052,14117.0,3.15
2053,14118.0,
2054,14119.0,
2055,14120.0,
2056,14121.0,
2057,14122.0,
2058,14123.0,
2059,14124.0,
2060,14125.0,2.74
2061,14125.0,2.78
2062,14126.0,
2063,14127.0,
2064,14128.0,
2065,14129.0,
2066,14130.0,
2067,14131.0,
2068,14132.0,
2069,14133.0,5.4
2070,14134.0,
2071,14135.0,
2072,14136.0,
2073,14137.0,
2074,14138.0,5.15
2075,14139.0,
2076,14140.0,
2077,14141.0,
2078,14142.0,
2079,14143.0,
2080,14144.0,
2081,14145.0,
2082,14146.0,
2083,14147.0,3.08
2084,14147.0,3.02
2085,14148.0,
2086,14149.0,
2087,14150.0,
2088,14151.0,
2089,14152.0,3.79
2090,14153.0,
2091,14154.0,
2092,14155.0,
2093,14156.0,
2094,14157.0,
2095,14158.0,
2096,14159.0,11.6
2097,14160.0,
2098,14161.0,
2099,14162.0,
2100,14163.0,
2101,14164.0,
2102,14165.0,
2103,14166.0,
2104,14167.0,4.05
2105,14167.0,4.01
2106,14168.0,
2107,14169.0,
2108,14170.0,
2109,14171.0,
2110,14172.0,
2111,14173.0,
2112,14174.0,
2113,14175.0,3.41
2114,14176.0,
2115,14177.0,
2116,14178.0,
2117,14179.0,
2118,14180.0,
2119,14181.0,6.09
2120,14182.0,
2121,14183.0,
2122,14184.0,
2123,14185.0,
2124,14186.0,
2125,14187.0,11.9
2126,14187.0,11.5
2127,14188.0,
2128,14189.0,
2129,14190.0,
2130,14191.0,
2131,14192.0,
2132,14193.0,
2133,14194.0,
2134,14195.0,
2135,14196.0,9.45
2136,14197.0,
2137,14198.0,
2138,14199.0,
2139,14200.0,
2140,14201.0,
2141,14202.0,5.7
2142,14203.0,
2143,14204.0,
2144,14205.0,
2145,14206.0,
2146,14207.0,
2147,14208.0,10.2
2148,14208.0,10.4
2149,14209.0,
2150,14210.0,
2151,14211.0,
2152,14212.0,
2153,14213.0,
2154,14214.0,
2155,14215.0,
2156,14216.0,10.1
2157,14217.0,
2158,14218.0,
2159,14219.0,
2160,14220.0,
2161,14221.0,
2162,14222.0,
2163,14223.0,8.66
2164,14224.0,
2165,14225.0,
2166,14226.0,
2167,14227.0,
2168,14228.0,
2169,14229.0,
2170,14230.0,
2171,14231.0,
2172,14232.0,
2173,14233.0,
2174,14234.0,
2175,14235.0,
2176,14236.0,
2177,14237.0,
2178,14238.0,
2179,14239.0,
2180,14240.0,
2181,14241.0,
2182,14242.0,
2183,14243.0,
2184,14244.0,
2185,14245.0,
2186,14246.0,
2187,14247.0,
2188,14248.0,
2189,14249.0,
2190,14250.0,
2191,14251.0,4.94
2192,14252.0,
2193,14253.0,
2194,14254.0,
2195,14255.0,
2196,14256.0,
2197,14257.0,
2198,14258.0,
2199,14259.0,6.69
2200,14259.0,6.75
2201,14260.0,
2202,14261.0,
2203,14262.0,
2204,14263.0,
2205,14264.0,
2206,14265.0,8.16
2207,14266.0,
2208,14267.0,
2209,14268.0,
2210,14269.0,
2211,14270.0,
2212,14271.0,
2213,14272.0,8.36
2214,14273.0,
2215,14274.0,
2216,14275.0,
2217,14276.0,
2218,14277.0,
2219,14278.0,
2220,14279.0,8.45
2221,14280.0,8.31
2222,14281.0,
2223,14282.0,
2224,14283.0,
2225,14284.0,
2226,14285.0,
2227,14286.0,6.79
2228,14287.0,
2229,14288.0,
2230,14289.0,
2231,14290.0,
2232,14291.0,
2233,14292.0,
2234,14293.0,
2235,14294.0,
2236,14295.0,6.51
2237,14296.0,
2238,14297.0,
2239,14298.0,
2240,14299.0,5.97
2241,14300.0,
2242,14301.0,
2243,14302.0,
2244,14303.0,
2245,14304.0,
2246,14305.0,
2247,14306.0,5.24
2248,14307.0,
2249,14308.0,
2250,14309.0,
2251,14310.0,
2252,14311.0,
2253,14312.0,
2254,14313.0,6.06
2255,14314.0,
2256,14315.0,
2257,14316.0,
2258,14317.0,
2259,14318.0,
2260,14319.0,
2261,14320.0,5.13
2262,14321.0,
2263,14322.0,
2264,14323.0,
2265,14324.0,
2266,14325.0,
2267,14326.0,
2268,14327.0,
2269,14328.0,6.43
2270,14329.0,
2271,14330.0,
2272,14331.0,
2273,14332.0,
2274,14333.0,
2275,14334.0,
2276,14335.0,4.62
2277,14336.0,
2278,14337.0,
2279,14338.0,
2280,14339.0,
2281,14340.0,
2282,14341.0,3.64
2283,14342.0,
2284,14343.0,
2285,14344.0,
2286,14345.0,
2287,14346.0,
2288,14347.0,
2289,14348.0,
2290,14349.0,2.32
2291,14350.0,
2292,14351.0,2.31
2293,14352.0,
2294,14353.0,
2295,14354.0,
2296,14355.0,2.14
2297,14355.0,2.12
2298,14356.0,2.02
2299,14357.0,
2300,14358.0,
2301,14359.0,
2302,14360.0,
2303,14361.0,
2304,14362.0,
2305,14363.0,
2306,14364.0,
2307,14365.0,2.28
2308,14366.0,
2309,14367.0,
2310,14368.0,
2311,14369.0,
2312,14370.0,2.44
2313,14371.0,
2314,14372.0,
2315,14373.0,
2316,14374.0,
2317,14375.0,
2318,14376.0,
2319,14377.0,
2320,14378.0,2.42
2321,14379.0,
2322,14380.0,
2323,14381.0,
2324,14382.0,
2325,14383.0,
2326,14384.0,
2327,14385.0,
2328,14386.0,2.07
2329,14386.0,1.97
2330,14387.0,
2331,14388.0,
2332,14389.0,
2333,14390.0,
2334,14391.0,1.83
2335,14392.0,
2336,14393.0,
2337,14394.0,
2338,14395.0,
2339,14396.0,
2340,14397.0,
2341,14398.0,
2342,14399.0,2.16
2343,14400.0,
2344,14401.0,
2345,14402.0,
2346,14403.0,
2347,14404.0,
2348,14405.0,
2349,14406.0,2.48
2350,14407.0,
2351,14408.0,
2352,14409.0,
2353,14410.0,
2354,14411.0,2.75
2355,14411.0,2.79
2356,14412.0,
2357,14413.0,
2358,14414.0,
2359,14415.0,
2360,14416.0,
2361,14417.0,
2362,14418.0,
2363,14419.0,2.31
2364,14420.0,
2365,14421.0,
2366,14422.0,
2367,14423.0,
2368,14424.0,
2369,14425.0,
2370,14426.0,1.59
2371,14426.0,1.57
2372,14427.0,
2373,14428.0,
2374,14429.0,
2375,14430.0,
2376,14431.0,
2377,14432.0,1.36
2378,14433.0,
2379,14434.0,
2380,14435.0,
2381,14436.0,
2382,14437.0,
2383,14438.0,
2384,14439.0,2.01
2385,14440.0,
2386,14441.0,
2387,14442.0,
2388,14443.0,
2389,14444.0,
2390,14445.0,
2391,14446.0,
2392,14447.0,
2393,14448.0,
2394,14449.0,1.58
2395,14450.0,
2396,14451.0,
2397,14452.0,
2398,14453.0,
2399,14454.0,1.71
2400,14455.0,
2401,14456.0,
2402,14457.0,
2403,14458.0,
2404,14459.0,
2405,14460.0,
2406,14461.0,
2407,14462.0,
2408,14463.0,2.1
2409,14464.0,
2410,14465.0,
2411,14466.0,
2412,14467.0,1.64
2413,14467.0,1.7
2414,14468.0,
2415,14469.0,
2416,14470.0,
2417,14471.0,
2418,14472.0,
2419,14473.0,1.75
2420,14474.0,
2421,14475.0,
2422,14476.0,
2423,14477.0,
2424,14478.0,
2425,14479.0,
2426,14480.0,
2427,14481.0,
2428,14482.0,1.02
2429,14483.0,
2430,14484.0,
2431,14485.0,
2432,14486.0,
2433,14487.0,
2434,14488.0,
2435,14489.0,
2436,14490.0,1.18
2437,14491.0,
2438,14492.0,
2439,14493.0,
2440,14494.0,
2441,14495.0,
2442,14496.0,
2443,14497.0,
2444,14498.0,3.21
2445,14499.0,
2446,14500.0,
2447,14501.0,
2448,14502.0,
2449,14503.0,2.99
2450,14503.0,3.02
2451,14504.0,
2452,14505.0,
2453,14506.0,
2454,14507.0,
2455,14508.0,
2456,14509.0,
2457,14510.0,
2458,14511.0,2.98
2459,14512.0,
2460,14513.0,
2461,14514.0,
2462,14515.0,
2463,14516.0,
2464,14517.0,3.21
2465,14518.0,
2466,14519.0,
2467,14520.0,
2468,14521.0,
2469,14522.0,
2470,14523.0,
2471,14524.0,
2472,14525.0,3.11
2473,14526.0,
2474,14527.0,
2475,14528.0,
2476,14529.0,
2477,14530.0,
2478,14531.0,4.02
2479,14531.0,4.08
2480,14532.0,
2481,14533.0,
2482,14534.0,
2483,14535.0,
2484,14536.0,
2485,14537.0,
2486,14538.0,4.13
2487,14539.0,
2488,14540.0,
2489,14541.0,
2490,14542.0,
2491,14543.0,
2492,14544.0,
2493,14545.0,
2494,14546.0,2.79
2495,14547.0,
2496,14548.0,
2497,14549.0,
2498,14550.0,
2499,14551.0,1.93
2500,14552.0,1.69
2501,14553.0,
2502,14554.0,
2503,14555.0,
2504,14556.0,
2505,14557.0,3.74
2506,14558.0,
2507,14559.0,
2508,14560.0,
2509,14561.0,
2510,14562.0,
2511,14563.0,
2512,14564.0,
2513,14565.0,24.1
2514,14566.0,
2515,14567.0,
2516,14568.0,
2517,14569.0,
2518,14570.0,
2519,14571.0,
2520,14572.0,
2521,14573.0,4.49
2522,14574.0,
2523,14575.0,
2524,14576.0,
2525,14577.0,
2526,14578.0,18.6
2527,14579.0,21.8
2528,14580.0,
2529,14581.0,19.7
2530,14582.0,
2531,14583.0,
2532,14584.0,
2533,14585.0,
2534,14586.0,
2535,14587.0,
2536,14588.0,
2537,14589.0,18.3
2538,14590.0,
2539,14591.0,
2540,14592.0,17.8
2541,14593.0,
2542,14594.0,
2543,14595.0,18.7
2544,14596.0,
2545,14597.0,
2546,14598.0,
2547,14599.0,
2548,14600.0,
2549,14601.0,
2550,14602.0,
2551,14603.0,
2552,14604.0,
2553,14605.0,
2554,14606.0,
2555,14607.0,
2556,14608.0,
2557,14609.0,
2558,14610.0,
2559,14611.0,
2560,14612.0,
2561,14613.0,
2562,14614.0,
2563,14615.0,
2564,14616.0,
2565,14617.0,
2566,14618.0,
2567,14619.0,
2568,14620.0,
2569,14621.0,11.4
2570,14621.0,11.3
2571,14622.0,
2572,14623.0,
2573,14624.0,
2574,14625.0,
2575,14626.0,
2576,14627.0,
2577,14628.0,
2578,14629.0,
2579,14630.0,
2580,14631.0,13.3
2581,14632.0,
2582,14633.0,
2583,14634.0,
2584,14635.0,
2585,14636.0,15.4
2586,14637.0,
2587,14638.0,
2588,14639.0,
2589,14640.0,
2590,14641.0,
2591,14642.0,
2592,14643.0,
2593,14644.0,
2594,14645.0,15.6
2595,14646.0,
2596,14647.0,
2597,14648.0,
2598,14649.0,
2599,14650.0,
2600,14651.0,12.6
2601,14651.0,12.5
2602,14652.0,
2603,14653.0,
2604,14654.0,
2605,14655.0,
2606,14656.0,13.0
2607,14657.0,
2608,14658.0,
2609,14659.0,
2610,14660.0,
2611,14661.0,
2612,14662.0,
2613,14663.0,10.3
2614,14664.0,
2615,14665.0,
2616,14666.0,10.3
2617,14667.0,
2618,14668.0,
2619,14669.0,
2620,14670.0,
2621,14671.0,
2622,14672.0,
2623,14673.0,9.24
2624,14674.0,
2625,14675.0,
2626,14676.0,
2627,14677.0,8.23
2628,14678.0,
2629,14679.0,
2630,14680.0,8.13
2631,14681.0,
2632,14682.0,
2633,14683.0,
2634,14684.0,
2635,14685.0,
2636,14686.0,6.37
2637,14687.0,
2638,14688.0,
2639,14689.0,
2640,14690.0,
2641,14691.0,
2642,14692.0,
2643,14693.0,
2644,14694.0,4.51
2645,14695.0,
2646,14696.0,
2647,14697.0,
2648,14698.0,
2649,14699.0,9.34
2650,14700.0,
2651,14701.0,
2652,14702.0,
2653,14703.0,
2654,14704.0,
2655,14705.0,
2656,14706.0,
2657,14707.0,5.53
2658,14708.0,
2659,14709.0,
2660,14710.0,
2661,14711.0,
2662,14712.0,3.75
2663,14713.0,
2664,14714.0,
2665,14715.0,
2666,14716.0,
2667,14717.0,
2668,14718.0,
2669,14719.0,
2670,14720.0,
2671,14721.0,
2672,14722.0,2.98
2673,14723.0,
2674,14724.0,
2675,14725.0,
2676,14726.0,
2677,14727.0,
2678,14728.0,
2679,14729.0,1.91
2680,14730.0,
2681,14731.0,
2682,14732.0,
2683,14733.0,
2684,14734.0,
2685,14735.0,
2686,14736.0,
2687,14737.0,
2688,14738.0,
2689,14739.0,2.81
2690,14740.0,
2691,14741.0,
2692,14742.0,
2693,14743.0,3.09
2694,14744.0,
2695,14745.0,
2696,14746.0,
2697,14747.0,
2698,14748.0,2.68
2699,14749.0,
2700,14750.0,2.26
2701,14751.0,
2702,14752.0,
2703,14753.0,
2704,14754.0,
2705,14755.0,
2706,14756.0,2.19
2707,14757.0,
2708,14758.0,
2709,14759.0,
2710,14760.0,
2711,14761.0,
2712,14762.0,
2713,14763.0,
2714,14764.0,2.19
2715,14765.0,
2716,14766.0,
2717,14767.0,
2718,14768.0,
2719,14769.0,
2720,14770.0,
2721,14771.0,2.72
2722,14772.0,
2723,14773.0,
2724,14774.0,
2725,14775.0,
2726,14776.0,2.58
2727,14777.0,
2728,14778.0,
2729,14779.0,
2730,14780.0,
2731,14781.0,
2732,14782.0,
2733,14783.0,
2734,14784.0,
2735,14785.0,0.9590000000000001
2736,14785.0,0.9490000000000001
2737,14786.0,
2738,14787.0,
2739,14788.0,
2740,14789.0,
2741,14790.0,
2742,14791.0,
2743,14792.0,0.9470000000000001
2744,14793.0,
2745,14794.0,
2746,14795.0,
2747,14796.0,
2748,14797.0,
2749,14798.0,
2750,14799.0,0.865
2751,14800.0,
2752,14801.0,
2753,14802.0,
2754,14803.0,1.64
2755,14804.0,
2756,14805.0,1.18
2757,14806.0,
2758,14807.0,
2759,14808.0,
2760,14809.0,
2761,14810.0,
2762,14811.0,
2763,14812.0,
2764,14813.0,0.871
2765,14814.0,
2766,14815.0,
2767,14816.0,
2768,14817.0,
2769,14818.0,
2770,14819.0,0.9179999999999999
2771,14820.0,
2772,14821.0,
2773,14822.0,
2774,14823.0,
2775,14824.0,
2776,14825.0,
2777,14826.0,1.9
2778,14827.0,
2779,14828.0,
2780,14829.0,
2781,14830.0,1.76
2782,14831.0,
2783,14832.0,
2784,14833.0,1.69
2785,14834.0,
2786,14835.0,
2787,14836.0,
2788,14837.0,
2789,14838.0,
2790,14839.0,
2791,14840.0,1.94
2792,14841.0,
2793,14842.0,
2794,14843.0,
2795,14844.0,
2796,14845.0,
2797,14846.0,
2798,14847.0,
2799,14848.0,19.4
2800,14849.0,
2801,14850.0,
2802,14851.0,
2803,14852.0,
2804,14853.0,
2805,14854.0,
2806,14855.0,2.76
2807,14856.0,
2808,14857.0,
2809,14858.0,2.57
2810,14859.0,
2811,14860.0,
2812,14861.0,2.37
2813,14862.0,
2814,14863.0,
2815,14864.0,
2816,14865.0,
2817,14866.0,
2818,14867.0,
2819,14868.0,2.48
2820,14869.0,
2821,14870.0,
2822,14871.0,
2823,14872.0,
2824,14873.0,
2825,14874.0,
2826,14875.0,
2827,14876.0,
2828,14877.0,
2829,14878.0,
2830,14879.0,
2831,14880.0,
2832,14881.0,
2833,14882.0,
2834,14883.0,16.2
2835,14884.0,
2836,14885.0,
2837,14886.0,
2838,14887.0,
2839,14888.0,
2840,14889.0,16.9
2841,14890.0,
2842,14891.0,
2843,14892.0,
2844,14893.0,
2845,14894.0,
2846,14895.0,
2847,14896.0,
2848,14897.0,5.35
2849,14898.0,
2850,14899.0,
2851,14900.0,
2852,14901.0,3.71
2853,14902.0,
2854,14903.0,3.43
2855,14904.0,
2856,14905.0,
2857,14906.0,
2858,14907.0,
2859,14908.0,
2860,14909.0,
2861,14910.0,
2862,14911.0,13.2
2863,14912.0,
2864,14913.0,
2865,14914.0,
2866,14915.0,
2867,14916.0,7.18
2868,14917.0,
2869,14918.0,5.22
2870,14919.0,
2871,14920.0,
2872,14921.0,
2873,14922.0,
2874,14923.0,14.3
2875,14924.0,
2876,14925.0,
2877,14926.0,
2878,14927.0,
2879,14928.0,
2880,14929.0,11.1
2881,14930.0,
2882,14931.0,
2883,14932.0,
2884,14933.0,
2885,14934.0,
2886,14935.0,
2887,14936.0,
2888,14937.0,
2889,14938.0,
2890,14939.0,10.3
2891,14940.0,
2892,14941.0,
2893,14942.0,10.1
2894,14943.0,
2895,14944.0,7.82
2896,14945.0,
2897,14946.0,
2898,14947.0,
2899,14948.0,
2900,14949.0,
2901,14950.0,12.8
2902,14951.0,
2903,14952.0,
2904,14953.0,
2905,14954.0,
2906,14955.0,
2907,14956.0,
2908,14957.0,
2909,14958.0,10.9
2910,14959.0,
2911,14960.0,
2912,14961.0,
2913,14962.0,
2914,14963.0,
2915,14964.0,
2916,14965.0,
2917,14966.0,
2918,14967.0,
2919,14968.0,
2920,14969.0,
2921,14970.0,
2922,14971.0,
2923,14972.0,
2924,14973.0,
2925,14974.0,
2926,14975.0,
2927,14976.0,
2928,14977.0,
2929,14978.0,
2930,14979.0,
2931,14980.0,12.7
2932,14981.0,
2933,14982.0,
2934,14983.0,
2935,14984.0,
2936,14985.0,
2937,14986.0,
2938,14987.0,
2939,14988.0,9.43
2940,14989.0,
2941,14990.0,
2942,14991.0,
2943,14992.0,
2944,14993.0,
2945,14994.0,9.43
2946,14995.0,
2947,14996.0,
2948,14997.0,
2949,14998.0,9.62
2950,14999.0,
2951,15000.0,
2952,15001.0,9.92
2953,15002.0,
2954,15003.0,
2955,15004.0,
2956,15005.0,
2957,15006.0,
2958,15007.0,
2959,15008.0,
2960,15009.0,8.02
2961,15010.0,
2962,15011.0,
2963,15012.0,
2964,15013.0,
2965,15014.0,6.79
2966,15015.0,
2967,15016.0,
2968,15017.0,
2969,15018.0,
2970,15019.0,
2971,15020.0,
2972,15021.0,9.42
2973,15022.0,
2974,15023.0,7.5
2975,15024.0,
2976,15025.0,
2977,15026.0,
2978,15027.0,
2979,15028.0,
2980,15029.0,10.1
2981,15030.0,
2982,15031.0,
2983,15032.0,
2984,15033.0,
2985,15034.0,
2986,15035.0,8.51
2987,15036.0,
2988,15037.0,
2989,15038.0,
2990,15039.0,
2991,15040.0,
2992,15041.0,
2993,15042.0,
2994,15043.0,7.3
2995,15044.0,
2996,15045.0,
2997,15046.0,
2998,15047.0,
2999,15048.0,
3000,15049.0,
3001,15050.0,4.8
3002,15051.0,
3003,15052.0,
3004,15053.0,
3005,15054.0,
3006,15055.0,
3007,15056.0,3.86
3008,15057.0,3.86
3009,15058.0,
3010,15059.0,
3011,15060.0,
3012,15061.0,
3013,15062.0,
3014,15063.0,
3015,15064.0,
3016,15065.0,3.61
3017,15066.0,
3018,15067.0,
3019,15068.0,
3020,15069.0,
3021,15070.0,
3022,15071.0,2.81
3023,15072.0,
3024,15073.0,
3025,15074.0,
3026,15075.0,
3027,15076.0,2.42
3028,15077.0,
3029,15078.0,2.66
3030,15079.0,
3031,15080.0,
3032,15081.0,
3033,15082.0,
3034,15083.0,
3035,15084.0,2.88
3036,15085.0,
3037,15086.0,
3038,15087.0,
3039,15088.0,
3040,15089.0,
3041,15090.0,
3042,15091.0,
3043,15092.0,
3044,15093.0,
3045,15094.0,
3046,15095.0,
3047,15096.0,
3048,15097.0,
3049,15098.0,
3050,15099.0,2.61
3051,15100.0,
3052,15101.0,
3053,15102.0,
3054,15103.0,
3055,15104.0,
3056,15105.0,
3057,15106.0,1.6
3058,15107.0,
3059,15108.0,
3060,15109.0,
3061,15110.0,
3062,15111.0,
3063,15112.0,1.1
3064,15113.0,
3065,15114.0,1.09
3066,15115.0,
3067,15116.0,
3068,15117.0,
3069,15118.0,
3070,15119.0,
3071,15120.0,1.95
3072,15121.0,
3073,15122.0,
3074,15123.0,
3075,15124.0,
3076,15125.0,
3077,15126.0,
3078,15127.0,2.06
3079,15128.0,
3080,15129.0,
3081,15130.0,
3082,15131.0,
3083,15132.0,2.14
3084,15133.0,
3085,15134.0,1.92
3086,15135.0,
3087,15136.0,
3088,15137.0,
3089,15138.0,
3090,15139.0,
3091,15140.0,
3092,15141.0,2.12
3093,15142.0,
3094,15143.0,
3095,15144.0,
3096,15145.0,2.96
3097,15146.0,
3098,15147.0,
3099,15148.0,
3100,15149.0,
3101,15150.0,
3102,15151.0,
3103,15152.0,
3104,15153.0,
3105,15154.0,
3106,15155.0,
3107,15156.0,1.23
3108,15157.0,
3109,15158.0,
3110,15159.0,
3111,15160.0,
3112,15161.0,
3113,15162.0,
3114,15163.0,1.29
3115,15164.0,
3116,15165.0,
3117,15166.0,1.12
3118,15167.0,
3119,15168.0,
3120,15169.0,
3121,15170.0,3.31
3122,15171.0,
3123,15172.0,
3124,15173.0,1.86
3125,15174.0,
3126,15175.0,
3127,15176.0,
3128,15177.0,
3129,15178.0,
3130,15179.0,
3131,15180.0,
3132,15181.0,
3133,15182.0,
3134,15183.0,
3135,15184.0,1.53
3136,15185.0,
3137,15186.0,
3138,15187.0,
3139,15188.0,
3140,15189.0,1.12
3141,15190.0,
3142,15191.0,
3143,15192.0,
3144,15193.0,
3145,15194.0,
3146,15195.0,
3147,15196.0,
3148,15197.0,1.89
3149,15198.0,1.94
3150,15199.0,
3151,15200.0,
3152,15201.0,
3153,15202.0,1.7
3154,15203.0,
3155,15204.0,
3156,15205.0,
3157,15206.0,
3158,15207.0,
3159,15208.0,
3160,15209.0,
3161,15210.0,
3162,15211.0,2.52
3163,15212.0,
3164,15213.0,
3165,15214.0,
3166,15215.0,
3167,15216.0,
3168,15217.0,
3169,15218.0,
3170,15219.0,
3171,15220.0,
3172,15221.0,
3173,15222.0,
3174,15223.0,
3175,15224.0,1.7
3176,15225.0,
3177,15226.0,
3178,15227.0,
3179,15228.0,
3180,15229.0,
3181,15230.0,
3182,15231.0,
3183,15232.0,
3184,15233.0,2.31
3185,15234.0,
3186,15235.0,
3187,15236.0,2.41
3188,15237.0,
3189,15238.0,
3190,15239.0,
3191,15240.0,
3192,15241.0,
3193,15242.0,
3194,15243.0,
3195,15244.0,
3196,15245.0,
3197,15246.0,1.14
3198,15247.0,
3199,15248.0,
3200,15249.0,
3201,15250.0,
3202,15251.0,
3203,15252.0,
3204,15253.0,
3205,15254.0,1.04
3206,15255.0,
3207,15256.0,
3208,15257.0,
3209,15258.0,1.21
3210,15259.0,
3211,15260.0,2.02
3212,15261.0,
3213,15262.0,
3214,15263.0,
3215,15264.0,
3216,15265.0,
3217,15266.0,2.79
3218,15267.0,
3219,15268.0,3.28
3220,15269.0,
3221,15270.0,
3222,15271.0,
3223,15272.0,3.31
3224,15273.0,
3225,15274.0,
3226,15275.0,
3227,15276.0,
3228,15277.0,
3229,15278.0,
3230,15279.0,
3231,15280.0,2.53
3232,15281.0,
3233,15282.0,
3234,15283.0,
3235,15284.0,
3236,15285.0,
3237,15286.0,
3238,15287.0,
3239,15288.0,1.91
3240,15289.0,
3241,15290.0,
3242,15291.0,
3243,15292.0,
3244,15293.0,
3245,15294.0,
3246,15295.0,2.11
3247,15296.0,
3248,15297.0,
3249,15298.0,
3250,15299.0,2.29
3251,15300.0,2.5
3252,15301.0,
3253,15302.0,
3254,15303.0,
3255,15304.0,
3256,15305.0,
3257,15306.0,3.23
3258,15307.0,2.95
3259,15308.0,
3260,15309.0,
3261,15310.0,
3262,15311.0,
3263,15312.0,
3264,15313.0,
3265,15314.0,
3266,15315.0,
3267,15316.0,
3268,15317.0,3.8
3269,15318.0,
3270,15319.0,
3271,15320.0,
3272,15321.0,4.36
3273,15322.0,
3274,15323.0,
3275,15324.0,
3276,15325.0,
3277,15326.0,
3278,15327.0,
3279,15328.0,
3280,15329.0,
3281,15330.0,
3282,15331.0,
3283,15332.0,
3284,15333.0,
3285,15334.0,
3286,15335.0,
3287,15336.0,
3288,15337.0,
3289,15338.0,
3290,15339.0,
3291,15340.0,
3292,15341.0,
3293,15342.0,
3294,15343.0,
3295,15344.0,16.0
3296,15345.0,
3297,15346.0,
3298,15347.0,
3299,15348.0,
3300,15349.0,8.37
3301,15350.0,
3302,15351.0,5.87
3303,15352.0,
3304,15353.0,
3305,15354.0,
3306,15355.0,
3307,15356.0,
3308,15357.0,3.86
3309,15358.0,
3310,15359.0,
3311,15360.0,
3312,15361.0,
3313,15362.0,
3314,15363.0,
3315,15364.0,11.7
3316,15365.0,
3317,15366.0,
3318,15367.0,
3319,15368.0,
3320,15369.0,
3321,15370.0,
3322,15371.0,
3323,15372.0,
3324,15373.0,9.58
3325,15374.0,
3326,15375.0,
3327,15376.0,
3328,15377.0,
3329,15378.0,
3330,15379.0,
3331,15380.0,5.26
3332,15381.0,
3333,15382.0,
3334,15383.0,
3335,15384.0,
3336,15385.0,
3337,15386.0,17.3
3338,15387.0,
3339,15388.0,
3340,15389.0,
3341,15390.0,
3342,15391.0,
3343,15392.0,
3344,15393.0,
3345,15394.0,
3346,15395.0,
3347,15396.0,
3348,15397.0,4.82
3349,15398.0,4.37
3350,15399.0,4.33
3351,15400.0,
3352,15401.0,
3353,15402.0,
3354,15403.0,
3355,15404.0,
3356,15405.0,
3357,15406.0,
3358,15407.0,
3359,15408.0,14.2
3360,15409.0,
3361,15410.0,
3362,15411.0,10.9
3363,15412.0,
3364,15413.0,
3365,15414.0,8.06
3366,15415.0,
3367,15416.0,
3368,15417.0,
3369,15418.0,
3370,15419.0,
3371,15420.0,
3372,15421.0,
3373,15422.0,5.76
3374,15423.0,
3375,15424.0,
3376,15425.0,
3377,15426.0,
3378,15427.0,3.74
3379,15428.0,
3380,15429.0,
3381,15430.0,
3382,15431.0,
3383,15432.0,
3384,15433.0,
3385,15434.0,
3386,15435.0,
3387,15436.0,
3388,15437.0,
3389,15438.0,
3390,15439.0,
3391,15440.0,3.78
3392,15441.0,
3393,15442.0,
3394,15443.0,
3395,15444.0,
3396,15445.0,
3397,15446.0,5.26
3398,15447.0,
3399,15448.0,
3400,15449.0,
3401,15450.0,
3402,15451.0,
3403,15452.0,
3404,15453.0,9.18
3405,15454.0,
3406,15455.0,
3407,15456.0,
3408,15457.0,
3409,15458.0,
3410,15459.0,
3411,15460.0,
3412,15461.0,
3413,15462.0,7.95
3414,15463.0,
3415,15464.0,
3416,15465.0,
3417,15466.0,
3418,15467.0,
3419,15468.0,6.66
3420,15469.0,
3421,15470.0,
3422,15471.0,
3423,15472.0,
3424,15473.0,
3425,15474.0,6.57
3426,15475.0,
3427,15476.0,
3428,15477.0,
3429,15478.0,
3430,15479.0,
3431,15480.0,
3432,15481.0,3.62
3433,15482.0,
3434,15483.0,
3435,15484.0,
3436,15485.0,
3437,15486.0,
3438,15487.0,
3439,15488.0,
3440,15489.0,
3441,15490.0,2.57
3442,15491.0,
3443,15492.0,
3444,15493.0,
3445,15494.0,
3446,15495.0,
3447,15496.0,
3448,15497.0,2.63
3449,15498.0,
3450,15499.0,
3451,15500.0,
3452,15501.0,
3453,15502.0,
3454,15503.0,
3455,15504.0,
3456,15505.0,3.71
3457,15506.0,
3458,15507.0,
3459,15508.0,
3460,15509.0,
3461,15510.0,2.38
3462,15511.0,
3463,15512.0,
3464,15513.0,
3465,15514.0,
3466,15515.0,
3467,15516.0,5.04
3468,15517.0,
3469,15518.0,
3470,15519.0,
3471,15520.0,
3472,15521.0,
3473,15522.0,
3474,15523.0,
3475,15524.0,
3476,15525.0,
3477,15526.0,1.7
3478,15527.0,
3479,15528.0,
3480,15529.0,
3481,15530.0,
3482,15531.0,
3483,15532.0,
3484,15533.0,6.34
3485,15534.0,
3486,15535.0,
3487,15536.0,
3488,15537.0,5.09
3489,15538.0,
3490,15539.0,
3491,15540.0,3.6
3492,15541.0,
3493,15542.0,
3494,15543.0,
3495,15544.0,
3496,15545.0,
3497,15546.0,
3498,15547.0,
3499,15548.0,2.08
3500,15549.0,
3501,15550.0,
3502,15551.0,
3503,15552.0,
3504,15553.0,
3505,15554.0,2.02
3506,15555.0,
3507,15556.0,
3508,15557.0,
3509,15558.0,
3510,15559.0,
3511,15560.0,
3512,15561.0,2.47
3513,15562.0,
3514,15563.0,
3515,15564.0,
3516,15565.0,
3517,15566.0,
3518,15567.0,1.99
3519,15567.0,1.95
3520,15568.0,
3521,15569.0,
3522,15570.0,
3523,15571.0,
3524,15572.0,
3525,15573.0,1.64
3526,15574.0,
3527,15575.0,
3528,15576.0,
3529,15577.0,
3530,15578.0,
3531,15579.0,
3532,15580.0,
3533,15581.0,
3534,15582.0,
3535,15583.0,1.77
3536,15583.0,1.68
3537,15584.0,
3538,15585.0,
3539,15586.0,
3540,15587.0,
3541,15588.0,
3542,15589.0,1.7
3543,15590.0,
3544,15591.0,
3545,15592.0,
3546,15593.0,
3547,15594.0,
3548,15595.0,
3549,15596.0,1.81
3550,15597.0,
3551,15598.0,
3552,15599.0,
3553,15600.0,2.07
3554,15601.0,
3555,15602.0,
3556,15603.0,
3557,15604.0,
3558,15605.0,
3559,15606.0,
3560,15607.0,
3561,15608.0,3.18
3562,15609.0,
3563,15610.0,
3564,15611.0,
3565,15612.0,
3566,15613.0,
3567,15614.0,
3568,15615.0,2.59
3569,15616.0,
3570,15617.0,
3571,15618.0,
3572,15619.0,
3573,15620.0,
3574,15621.0,21.1
3575,15622.0,
3576,15623.0,
3577,15624.0,
3578,15625.0,9.2
3579,15626.0,
3580,15627.0,
3581,15628.0,
3582,15629.0,
3583,15630.0,
3584,15631.0,4.93
3585,15632.0,
3586,15633.0,
3587,15634.0,
3588,15635.0,
3589,15636.0,
3590,15637.0,
3591,15638.0,14.0
3592,15639.0,
3593,15640.0,
3594,15641.0,
3595,15642.0,
3596,15643.0,
3597,15644.0,
3598,15645.0,14.1
3599,15646.0,
3600,15647.0,
3601,15648.0,
3602,15649.0,
3603,15650.0,
3604,15651.0,
3605,15652.0,15.0
3606,15653.0,
3607,15654.0,
3608,15655.0,
3609,15656.0,
3610,15657.0,9.6
3611,15658.0,
3612,15659.0,
3613,15660.0,
3614,15661.0,
3615,15662.0,
3616,15663.0,
3617,15664.0,
3618,15665.0,
3619,15666.0,6.41
3620,15667.0,
3621,15668.0,
3622,15669.0,
3623,15670.0,
3624,15671.0,
3625,15672.0,
3626,15673.0,16.3
3627,15674.0,
3628,15675.0,
3629,15676.0,
3630,15677.0,
3631,15678.0,
3632,15679.0,
3633,15680.0,15.8
3634,15681.0,
3635,15682.0,
3636,15683.0,
3637,15684.0,
3638,15685.0,
3639,15686.0,
3640,15687.0,13.1
3641,15687.0,12.8
3642,15688.0,
3643,15689.0,
3644,15690.0,
3645,15691.0,
3646,15692.0,
3647,15693.0,
3648,15694.0,
3649,15695.0,
3650,15696.0,
3651,15697.0,
3652,15698.0,
3653,15699.0,
3654,15700.0,
3655,15701.0,
3656,15702.0,
3657,15703.0,
3658,15704.0,
3659,15705.0,
3660,15706.0,
3661,15707.0,
3662,15708.0,10.8
3663,15709.0,
3664,15710.0,
3665,15711.0,
3666,15712.0,
3667,15713.0,
3668,15714.0,9.97
3669,15715.0,
3670,15716.0,
3671,15717.0,
3672,15718.0,
3673,15719.0,10.8
3674,15720.0,
3675,15721.0,
3676,15722.0,
3677,15723.0,
3678,15724.0,
3679,15725.0,
3680,15726.0,
3681,15727.0,
3682,15728.0,
3683,15729.0,13.4
3684,15730.0,
3685,15731.0,
3686,15732.0,
3687,15733.0,
3688,15734.0,
3689,15735.0,9.39
3690,15736.0,
3691,15737.0,
3692,15738.0,
3693,15739.0,
3694,15740.0,
3695,15741.0,
3696,15742.0,9.49
3697,15743.0,
3698,15744.0,
3699,15745.0,
3700,15746.0,
3701,15747.0,
3702,15748.0,
3703,15749.0,
3704,15750.0,6.98
3705,15751.0,
3706,15752.0,
3707,15753.0,
3708,15754.0,
3709,15755.0,8.85
3710,15756.0,
3711,15757.0,
3712,15758.0,
3713,15759.0,
3714,15760.0,
3715,15761.0,
3716,15762.0,
3717,15763.0,6.42
3718,15764.0,
3719,15765.0,6.43
3720,15766.0,
3721,15767.0,
3722,15768.0,
3723,15769.0,6.28
3724,15770.0,
3725,15771.0,
3726,15772.0,
3727,15773.0,
3728,15774.0,
3729,15775.0,13.5
3730,15776.0,
3731,15777.0,
3732,15778.0,
3733,15779.0,
3734,15780.0,
3735,15781.0,
3736,15782.0,
3737,15783.0,9.63
3738,15784.0,
3739,15785.0,
3740,15786.0,
3741,15787.0,
3742,15788.0,
3743,15789.0,
3744,15790.0,
3745,15791.0,8.97
3746,15792.0,
3747,15793.0,
3748,15794.0,
3749,15795.0,
3750,15796.0,
3751,15797.0,
3752,15798.0,
3753,15799.0,
3754,15800.0,5.59
3755,15801.0,
3756,15802.0,
3757,15803.0,
3758,15804.0,
3759,15805.0,
3760,15806.0,5.05
3761,15807.0,
3762,15808.0,
3763,15809.0,
3764,15810.0,
3765,15811.0,
3766,15812.0,7.97
3767,15813.0,
3768,15814.0,
3769,15815.0,
3770,15816.0,
3771,15817.0,4.7
3772,15818.0,
3773,15819.0,
3774,15820.0,
3775,15821.0,
3776,15822.0,
3777,15823.0,
3778,15824.0,6.6
3779,15825.0,
3780,15826.0,
3781,15827.0,
3782,15828.0,
3783,15829.0,
3784,15830.0,
3785,15831.0,
3786,15832.0,1.93
3787,15833.0,
3788,15834.0,
3789,15835.0,
3790,15836.0,
3791,15837.0,
3792,15838.0,
3793,15839.0,
3794,15840.0,
3795,15841.0,
3796,15842.0,3.34
3797,15843.0,
3798,15844.0,
3799,15845.0,
3800,15846.0,
3801,15847.0,2.07
3802,15848.0,
3803,15849.0,
3804,15850.0,
3805,15851.0,
3806,15852.0,
3807,15853.0,
3808,15854.0,
3809,15855.0,
3810,15856.0,3.77
3811,15857.0,
3812,15858.0,
3813,15859.0,
3814,15860.0,
3815,15861.0,
3816,15862.0,
3817,15863.0,2.12
3818,15864.0,
3819,15865.0,
3820,15866.0,
3821,15867.0,
3822,15868.0,
3823,15869.0,
3824,15870.0,2.76
3825,15871.0,
3826,15872.0,
3827,15873.0,
3828,15874.0,
3829,15875.0,
3830,15876.0,
3831,15877.0,2.57
3832,15878.0,
3833,15879.0,
3834,15880.0,
3835,15881.0,
3836,15882.0,
3837,15883.0,2.5
3838,15884.0,
3839,15885.0,
3840,15886.0,
3841,15887.0,
3842,15888.0,
3843,15889.0,2.97
3844,15890.0,
3845,15891.0,
3846,15892.0,
3847,15893.0,
3848,15894.0,2.79
3849,15895.0,
3850,15896.0,
3851,15897.0,
3852,15898.0,
3853,15899.0,
3854,15900.0,
3855,15901.0,2.18
3856,15902.0,
3857,15903.0,
3858,15904.0,
3859,15905.0,
3860,15906.0,
3861,15907.0,
3862,15908.0,
3863,15909.0,
3864,15910.0,
3865,15911.0,
3866,15912.0,2.2
3867,15913.0,
3868,15914.0,
3869,15915.0,
3870,15916.0,
3871,15917.0,2.42
3872,15918.0,
3873,15919.0,
3874,15920.0,
3875,15921.0,
3876,15922.0,2.56
3877,15923.0,
3878,15924.0,
3879,15925.0,
3880,15926.0,
3881,15927.0,
3882,15928.0,
3883,15929.0,
3884,15930.0,
3885,15931.0,2.52
3886,15932.0,
3887,15933.0,
3888,15934.0,
3889,15935.0,
3890,15936.0,2.67
3891,15937.0,
3892,15938.0,
3893,15939.0,
3894,15940.0,
3895,15941.0,
3896,15942.0,
3897,15943.0,
3898,15944.0,
3899,15945.0,
3900,15946.0,2.74
3901,15947.0,
3902,15948.0,
3903,15949.0,
3904,15950.0,
3905,15951.0,
3906,15952.0,
3907,15953.0,
3908,15954.0,1.52
3909,15955.0,
3910,15956.0,
3911,15957.0,
3912,15958.0,
3913,15959.0,
3914,15960.0,1.89
3915,15961.0,
3916,15962.0,
3917,15963.0,
3918,15964.0,3.08
3919,15965.0,
3920,15966.0,
3921,15967.0,
3922,15968.0,
3923,15969.0,
3924,15970.0,
3925,15971.0,
3926,15972.0,
3927,15973.0,
3928,15974.0,
3929,15975.0,2.61
3930,15976.0,
3931,15977.0,
3932,15978.0,
3933,15979.0,
3934,15980.0,3.02
3935,15981.0,
3936,15982.0,
3937,15983.0,
3938,15984.0,
3939,15985.0,3.31
3940,15986.0,
3941,15987.0,
3942,15988.0,
3943,15989.0,
3944,15990.0,
3945,15991.0,
3946,15992.0,
3947,15993.0,
3948,15994.0,
3949,15995.0,
3950,15996.0,17.7
3951,15997.0,
3952,15998.0,
3953,15999.0,
3954,16000.0,
3955,16001.0,14.9
3956,16002.0,
3957,16003.0,
3958,16004.0,
3959,16005.0,
3960,16006.0,
3961,16007.0,
3962,16008.0,21.0
3963,16009.0,
3964,16010.0,
3965,16011.0,
3966,16012.0,
3967,16013.0,
3968,16014.0,4.28
3969,16015.0,
3970,16016.0,
3971,16017.0,
3972,16018.0,
3973,16019.0,
3974,16020.0,
3975,16021.0,
3976,16022.0,
3977,16023.0,
3978,16024.0,13.9
3979,16025.0,
3980,16026.0,
3981,16027.0,
3982,16028.0,7.98
3983,16029.0,
3984,16030.0,
3985,16031.0,
3986,16032.0,
3987,16033.0,
3988,16034.0,18.4
3989,16035.0,
3990,16036.0,
3991,16037.0,
3992,16038.0,
3993,16039.0,
3994,16040.0,
3995,16041.0,
3996,16042.0,
3997,16043.0,7.3
3998,16044.0,
3999,16045.0,
4000,16046.0,
4001,16047.0,
4002,16048.0,
4003,16049.0,
4004,16050.0,
4005,16051.0,3.83
4006,16052.0,
4007,16053.0,
4008,16054.0,
4009,16055.0,3.57
4010,16056.0,
4011,16057.0,
4012,16058.0,
4013,16059.0,
4014,16060.0,
4015,16061.0,
4016,16062.0,
4017,16063.0,
4018,16064.0,
4019,16065.0,
4020,16066.0,
4021,16067.0,
4022,16068.0,
4023,16069.0,
4024,16070.0,
4025,16071.0,
4026,16072.0,
4027,16073.0,14.8
4028,16074.0,
4029,16075.0,
4030,16076.0,
4031,16077.0,
4032,16078.0,
4033,16079.0,
4034,16080.0,
4035,16081.0,
4036,16082.0,
4037,16083.0,
4038,16084.0,
4039,16085.0,
4040,16086.0,
4041,16087.0,11.9
4042,16088.0,
4043,16089.0,
4044,16090.0,
4045,16091.0,
4046,16092.0,
4047,16093.0,
4048,16094.0,11.9
4049,16095.0,
4050,16096.0,
4051,16097.0,
4052,16098.0,
4053,16099.0,
4054,16100.0,9.87
4055,16101.0,
4056,16102.0,
4057,16103.0,
4058,16104.0,
4059,16105.0,
4060,16106.0,6.91
4061,16107.0,
4062,16108.0,
4063,16109.0,
4064,16110.0,
4065,16111.0,
4066,16112.0,6.84
4067,16113.0,
4068,16114.0,
4069,16115.0,
4070,16116.0,
4071,16117.0,
4072,16118.0,
4073,16119.0,6.47
4074,16120.0,
4075,16121.0,
4076,16122.0,
4077,16123.0,
4078,16124.0,
4079,16125.0,
4080,16126.0,
4081,16127.0,
4082,16128.0,5.14
4083,16129.0,
4084,16130.0,
4085,16131.0,
4086,16132.0,
4087,16133.0,5.4
4088,16134.0,
4089,16135.0,
4090,16136.0,
4091,16137.0,
4092,16138.0,
4093,16139.0,
4094,16140.0,4.5
4095,16141.0,
4096,16142.0,
4097,16143.0,
4098,16144.0,
4099,16145.0,
4100,16146.0,
4101,16147.0,3.66
4102,16148.0,
4103,16149.0,
4104,16150.0,
4105,16151.0,
4106,16152.0,
4107,16153.0,
4108,16154.0,
4109,16155.0,
4110,16156.0,
4111,16157.0,3.08
4112,16158.0,
4113,16159.0,
4114,16160.0,
4115,16161.0,
4116,16162.0,3.06
4117,16163.0,
4118,16164.0,
4119,16165.0,
4120,16166.0,
4121,16167.0,
4122,16168.0,
4123,16169.0,
4124,16170.0,2.94
4125,16171.0,
4126,16172.0,
4127,16173.0,
4128,16174.0,
4129,16175.0,
4130,16176.0,2.98
4131,16177.0,
4132,16178.0,
4133,16179.0,
4134,16180.0,
4135,16181.0,
4136,16182.0,
4137,16183.0,
4138,16184.0,3.0
4139,16185.0,
4140,16186.0,
4141,16187.0,
4142,16188.0,
4143,16189.0,
4144,16190.0,
4145,16191.0,3.08
4146,16192.0,
4147,16193.0,
4148,16194.0,
4149,16195.0,
4150,16196.0,
4151,16197.0,
4152,16198.0,
4153,16199.0,2.79
4154,16200.0,
4155,16201.0,
4156,16202.0,
4157,16203.0,6.3
4158,16204.0,
4159,16205.0,
4160,16206.0,
4161,16207.0,
4162,16208.0,
4163,16209.0,
4164,16210.0,
4165,16211.0,
4166,16212.0,
4167,16213.0,17.7
4168,16214.0,
4169,16215.0,
4170,16216.0,
4171,16217.0,
4172,16218.0,
4173,16219.0,19.3
4174,16220.0,
4175,16221.0,
4176,16222.0,
4177,16223.0,
4178,16224.0,5.47
4179,16225.0,
4180,16226.0,
4181,16227.0,
4182,16228.0,
4183,16229.0,
4184,16230.0,
4185,16231.0,
4186,16232.0,
4187,16233.0,
4188,16234.0,2.28
4189,16235.0,
4190,16236.0,
4191,16237.0,
4192,16238.0,
4193,16239.0,
4194,16240.0,
4195,16241.0,2.31
4196,16242.0,
4197,16243.0,
4198,16244.0,2.43
4199,16245.0,
4200,16246.0,
4201,16247.0,
4202,16248.0,
4203,16249.0,
4204,16250.0,
4205,16251.0,
4206,16252.0,
4207,16253.0,3.34
4208,16254.0,
4209,16255.0,
4210,16256.0,
4211,16257.0,
4212,16258.0,
4213,16259.0,
4214,16260.0,
4215,16261.0,2.83
4216,16262.0,
4217,16263.0,
4218,16264.0,
4219,16265.0,
4220,16266.0,
4221,16267.0,
4222,16268.0,2.81
4223,16269.0,
4224,16270.0,
4225,16271.0,
4226,16272.0,
4227,16273.0,
4228,16274.0,3.84
4229,16275.0,
4230,16276.0,
4231,16277.0,
4232,16278.0,
4233,16279.0,
4234,16280.0,
4235,16281.0,
4236,16282.0,3.05
4237,16283.0,
4238,16284.0,
4239,16285.0,
4240,16286.0,
4241,16287.0,1.85
4242,16288.0,
4243,16289.0,
4244,16290.0,
4245,16291.0,
4246,16292.0,
4247,16293.0,6.26
4248,16294.0,
4249,16295.0,
4250,16296.0,
4251,16297.0,
4252,16298.0,
4253,16299.0,
4254,16300.0,2.02
4255,16301.0,
4256,16302.0,
4257,16303.0,
4258,16304.0,
4259,16305.0,
4260,16306.0,
4261,16307.0,
4262,16308.0,
4263,16309.0,
4264,16310.0,2.59
4265,16311.0,
4266,16312.0,
4267,16313.0,
4268,16314.0,
4269,16315.0,
4270,16316.0,
4271,16317.0,3.74
4272,16318.0,
4273,16319.0,
4274,16320.0,
4275,16321.0,
4276,16322.0,
4277,16323.0,
4278,16324.0,
4279,16325.0,3.34
4280,16326.0,
4281,16327.0,
4282,16328.0,3.5
4283,16329.0,
4284,16330.0,
4285,16331.0,
4286,16332.0,
4287,16333.0,
4288,16334.0,
4289,16335.0,
4290,16336.0,
4291,16337.0,3.31
4292,16338.0,
4293,16339.0,
4294,16340.0,
4295,16341.0,
4296,16342.0,
4297,16343.0,
4298,16344.0,3.76
4299,16345.0,
4300,16346.0,
4301,16347.0,
4302,16348.0,
4303,16349.0,
4304,16350.0,
4305,16351.0,
4306,16352.0,
4307,16353.0,4.7
4308,16354.0,
4309,16355.0,
4310,16356.0,
4311,16357.0,
4312,16358.0,
4313,16359.0,15.8
4314,16360.0,
4315,16361.0,
4316,16362.0,
4317,16363.0,7.32
4318,16364.0,
4319,16365.0,
4320,16366.0,
4321,16367.0,
4322,16368.0,
4323,16369.0,
4324,16370.0,2.42
4325,16371.0,
4326,16372.0,
4327,16373.0,
4328,16374.0,
4329,16375.0,
4330,16376.0,
4331,16377.0,
4332,16378.0,2.05
4333,16379.0,
4334,16380.0,
4335,16381.0,
4336,16382.0,
4337,16383.0,
4338,16384.0,
4339,16385.0,
4340,16386.0,14.5
4341,16387.0,
4342,16388.0,
4343,16389.0,
4344,16390.0,
4345,16391.0,
4346,16392.0,
4347,16393.0,
4348,16394.0,
4349,16395.0,13.7
4350,16396.0,
4351,16397.0,
4352,16398.0,
4353,16399.0,
4354,16400.0,12.4
4355,16401.0,
4356,16402.0,
4357,16403.0,
4358,16404.0,
4359,16405.0,
4360,16406.0,
4361,16407.0,10.3
4362,16408.0,
4363,16409.0,
4364,16410.0,
4365,16411.0,
4366,16412.0,
4367,16413.0,11.7
4368,16414.0,
4369,16415.0,
4370,16416.0,
4371,16417.0,
4372,16418.0,
4373,16419.0,
4374,16420.0,
4375,16421.0,
4376,16422.0,14.3
4377,16423.0,
4378,16424.0,
4379,16425.0,
4380,16426.0,
4381,16427.0,
4382,16428.0,
4383,16429.0,
4384,16430.0,
4385,16431.0,
4386,16432.0,
4387,16433.0,
4388,16434.0,
4389,16435.0,
4390,16436.0,
4391,16437.0,
4392,16438.0,
4393,16439.0,
4394,16440.0,
4395,16441.0,
4396,16442.0,
4397,16443.0,
4398,16444.0,10.9
4399,16445.0,
4400,16446.0,
4401,16447.0,12.0
4402,16448.0,
4403,16449.0,
4404,16450.0,
4405,16451.0,
4406,16452.0,
4407,16453.0,
4408,16454.0,
4409,16455.0,
4410,16456.0,
4411,16457.0,
4412,16458.0,7.6
4413,16459.0,
4414,16460.0,
4415,16461.0,10.3
4416,16462.0,
4417,16463.0,
4418,16464.0,
4419,16465.0,
4420,16466.0,
4421,16467.0,
4422,16468.0,
4423,16469.0,
4424,16470.0,
4425,16471.0,
4426,16472.0,8.34
4427,16473.0,
4428,16474.0,
4429,16475.0,7.85
4430,16476.0,
4431,16477.0,
4432,16478.0,
4433,16479.0,
4434,16480.0,
4435,16481.0,
4436,16482.0,
4437,16483.0,6.04
4438,16484.0,
4439,16485.0,
4440,16486.0,
4441,16487.0,
4442,16488.0,
4443,16489.0,6.72
4444,16490.0,
4445,16491.0,
4446,16492.0,
4447,16493.0,
4448,16494.0,
4449,16495.0,
4450,16496.0,
4451,16497.0,
4452,16498.0,
4453,16499.0,
4454,16500.0,5.24
4455,16501.0,
4456,16502.0,
4457,16503.0,
4458,16504.0,
4459,16505.0,
4460,16506.0,4.66
4461,16507.0,
4462,16508.0,
4463,16509.0,
4464,16510.0,
4465,16511.0,
4466,16512.0,
4467,16513.0,4.11
4468,16514.0,
4469,16515.0,
4470,16516.0,
4471,16517.0,
4472,16518.0,
4473,16519.0,
4474,16520.0,4.1
4475,16521.0,
4476,16522.0,
4477,16523.0,
4478,16524.0,
4479,16525.0,
4480,16526.0,3.42
4481,16527.0,
4482,16528.0,
4483,16529.0,
4484,16530.0,
4485,16531.0,
4486,16532.0,3.08
4487,16533.0,
4488,16534.0,
4489,16535.0,
4490,16536.0,
4491,16537.0,
4492,16538.0,
4493,16539.0,
4494,16540.0,
4495,16541.0,2.67
4496,16542.0,
4497,16543.0,
4498,16544.0,
4499,16545.0,
4500,16546.0,2.05
4501,16547.0,
4502,16548.0,
4503,16549.0,
4504,16550.0,
4505,16551.0,
4506,16552.0,
4507,16553.0,
4508,16554.0,
4509,16555.0,3.19
4510,16556.0,
4511,16557.0,
4512,16558.0,
4513,16559.0,
4514,16560.0,
4515,16561.0,
4516,16562.0,4.66
4517,16563.0,
4518,16564.0,
4519,16565.0,
4520,16566.0,
4521,16567.0,1.63
4522,16568.0,
4523,16569.0,
4524,16570.0,
4525,16571.0,
4526,16572.0,
4527,16573.0,1.75
4528,16574.0,
4529,16575.0,
4530,16576.0,
4531,16577.0,
4532,16578.0,
4533,16579.0,
4534,16580.0,
4535,16581.0,
4536,16582.0,
4537,16583.0,
4538,16584.0,2.78
4539,16585.0,
4540,16586.0,
4541,16587.0,
4542,16588.0,
4543,16589.0,
4544,16590.0,2.32
4545,16591.0,
4546,16592.0,
4547,16593.0,
4548,16594.0,
4549,16595.0,
4550,16596.0,1.91
4551,16597.0,
4552,16598.0,
4553,16599.0,
4554,16600.0,
4555,16601.0,
4556,16602.0,2.32
4557,16603.0,
4558,16604.0,
4559,16605.0,
4560,16606.0,
4561,16607.0,
4562,16608.0,
4563,16609.0,1.96
4564,16610.0,
4565,16611.0,
4566,16612.0,
4567,16613.0,
4568,16614.0,
4569,16615.0,
4570,16616.0,0.963
4571,16617.0,
4572,16618.0,
4573,16619.0,
4574,16620.0,
4575,16621.0,
4576,16622.0,
4577,16623.0,
4578,16624.0,
4579,16625.0,
4580,16626.0,1.02
4581,16627.0,
4582,16628.0,
4583,16629.0,
4584,16630.0,1.42
4585,16631.0,
4586,16632.0,
4587,16633.0,
4588,16634.0,
4589,16635.0,
4590,16636.0,
4591,16637.0,
4592,16638.0,
4593,16639.0,
4594,16640.0,1.25
4595,16641.0,
4596,16642.0,
4597,16643.0,4.05
4598,16644.0,
4599,16645.0,
4600,16646.0,
4601,16647.0,
4602,16648.0,
4603,16649.0,
4604,16650.0,
4605,16651.0,
4606,16652.0,
4607,16653.0,
4608,16654.0,
4609,16655.0,
4610,16656.0,
4611,16657.0,
4612,16658.0,1.21
4613,16659.0,
4614,16660.0,
4615,16661.0,
4616,16662.0,
4617,16663.0,
4618,16664.0,
4619,16665.0,1.6
4620,16666.0,
4621,16667.0,
4622,16668.0,
4623,16669.0,
4624,16670.0,
4625,16671.0,
4626,16672.0,
4627,16673.0,
4628,16674.0,5.19
4629,16675.0,
4630,16676.0,
4631,16677.0,
4632,16678.0,
4633,16679.0,
4634,16680.0,
4635,16681.0,
4636,16682.0,2.18
4637,16683.0,
4638,16684.0,
4639,16685.0,2.3
4640,16686.0,
4641,16687.0,
4642,16688.0,
4643,16689.0,
4644,16690.0,
4645,16691.0,
4646,16692.0,
4647,16693.0,2.62
4648,16694.0,
4649,16695.0,
4650,16696.0,
4651,16697.0,
4652,16698.0,
4653,16699.0,12.1
4654,16700.0,
4655,16701.0,
4656,16702.0,
4657,16703.0,
4658,16704.0,
4659,16705.0,
4660,16706.0,
4661,16707.0,
4662,16708.0,
4663,16709.0,
4664,16710.0,
4665,16711.0,
4666,16712.0,
4667,16713.0,
4668,16714.0,
4669,16715.0,
4670,16716.0,
4671,16717.0,5.73
4672,16718.0,
4673,16719.0,
4674,16720.0,
4675,16721.0,3.77
4676,16722.0,
4677,16723.0,
4678,16724.0,
4679,16725.0,
4680,16726.0,
4681,16727.0,2.73
4682,16728.0,
4683,16729.0,
4684,16730.0,
4685,16731.0,
4686,16732.0,
4687,16733.0,
4688,16734.0,3.38
4689,16735.0,
4690,16736.0,
4691,16737.0,
4692,16738.0,
4693,16739.0,
4694,16740.0,
4695,16741.0,
4696,16742.0,
4697,16743.0,
4698,16744.0,2.88
4699,16745.0,
4700,16746.0,
4701,16747.0,
4702,16748.0,
4703,16749.0,
4704,16750.0,
4705,16751.0,
4706,16752.0,7.89
4707,16753.0,
4708,16754.0,
4709,16755.0,
4710,16756.0,
4711,16757.0,
4712,16758.0,
4713,16759.0,12.9
4714,16760.0,
4715,16761.0,
4716,16762.0,
4717,16763.0,
4718,16764.0,
4719,16765.0,16.3
4720,16766.0,
4721,16767.0,
4722,16768.0,
4723,16769.0,
4724,16770.0,
4725,16771.0,17.6
4726,16772.0,
4727,16773.0,
4728,16774.0,
4729,16775.0,
4730,16776.0,
4731,16777.0,
4732,16778.0,11.0
4733,16779.0,
4734,16780.0,
4735,16781.0,
4736,16782.0,
4737,16783.0,16.5
4738,16784.0,
4739,16785.0,
4740,16786.0,
4741,16787.0,
4742,16788.0,
4743,16789.0,
4744,16790.0,
4745,16791.0,
4746,16792.0,
4747,16793.0,
4748,16794.0,
4749,16795.0,
4750,16796.0,
4751,16797.0,
4752,16798.0,
4753,16799.0,
4754,16800.0,
4755,16801.0,
4756,16802.0,
4757,16803.0,
4758,16804.0,
4759,16805.0,
4760,16806.0,13.2
4761,16807.0,
4762,16808.0,
4763,16809.0,
4764,16810.0,
4765,16811.0,
4766,16812.0,
4767,16813.0,
4768,16814.0,11.3
4769,16815.0,
4770,16816.0,
4771,16817.0,
4772,16818.0,
4773,16819.0,11.5
4774,16820.0,
4775,16821.0,
4776,16822.0,
4777,16823.0,
4778,16824.0,
4779,16825.0,12.3
4780,16826.0,
4781,16827.0,
4782,16828.0,
4783,16829.0,
4784,16830.0,
4785,16831.0,
4786,16832.0,
4787,16833.0,9.55
4788,16834.0,
4789,16835.0,
4790,16836.0,
4791,16837.0,
4792,16838.0,
4793,16839.0,
4794,16840.0,8.97
4795,16841.0,
4796,16842.0,
4797,16843.0,
4798,16844.0,
4799,16845.0,
4800,16846.0,7.43
4801,16847.0,
4802,16848.0,
4803,16849.0,
4804,16850.0,
4805,16851.0,
4806,16852.0,
4807,16853.0,6.65
4808,16854.0,
4809,16855.0,
4810,16856.0,
4811,16857.0,
4812,16858.0,
4813,16859.0,
4814,16860.0,
4815,16861.0,5.31
4816,16862.0,
4817,16863.0,
4818,16864.0,
4819,16865.0,
4820,16866.0,
4821,16867.0,
4822,16868.0,
4823,16869.0,
4824,16870.0,
4825,16871.0,8.24
4826,16872.0,
4827,16873.0,
4828,16874.0,
4829,16875.0,6.95
4830,16876.0,
4831,16877.0,
4832,16878.0,
4833,16879.0,
4834,16880.0,
4835,16881.0,5.5
4836,16882.0,
4837,16883.0,
4838,16884.0,
4839,16885.0,
4840,16886.0,
4841,16887.0,
4842,16888.0,
4843,16889.0,
4844,16890.0,
4845,16891.0,
4846,16892.0,
4847,16893.0,
4848,16894.0,
4849,16895.0,
4850,16896.0,
4851,16897.0,
4852,16898.0,
4853,16899.0,
4854,16900.0,
4855,16901.0,
4856,16902.0,
4857,16903.0,
4858,16904.0,
4859,16905.0,
4860,16906.0,6.28
4861,16907.0,
4862,16908.0,
4863,16909.0,
4864,16910.0,
4865,16911.0,
4866,16912.0,
4867,16913.0,
4868,16914.0,
4869,16915.0,
4870,16916.0,
4871,16917.0,
4872,16918.0,
4873,16919.0,
4874,16920.0,
4875,16921.0,
4876,16922.0,
4877,16923.0,
4878,16924.0,
4879,16925.0,
4880,16926.0,
4881,16927.0,
4882,16928.0,
4883,16929.0,
4884,16930.0,
4885,16931.0,1.95
4886,16932.0,
4887,16933.0,
4888,16934.0,
4889,16935.0,
4890,16936.0,
4891,16937.0,
4892,16938.0,
4893,16939.0,
4894,16940.0,
4895,16941.0,
4896,16942.0,
4897,16943.0,
4898,16944.0,
4899,16945.0,
4900,16946.0,
4901,16947.0,
4902,16948.0,
4903,16949.0,
4904,16950.0,
4905,16951.0,
4906,16952.0,
4907,16953.0,
4908,16954.0,
4909,16955.0,
4910,16956.0,
4911,16957.0,
4912,16958.0,
4913,16959.0,
4914,16960.0,
4915,16961.0,
4916,16962.0,3.52
4917,16963.0,
4918,16964.0,
4919,16965.0,
4920,16966.0,
4921,16967.0,
4922,16968.0,
4923,16969.0,
4924,16970.0,
4925,16971.0,
4926,16972.0,
4927,16973.0,
4928,16974.0,
4929,16975.0,
4930,16976.0,
4931,16977.0,
4932,16978.0,
4933,16979.0,
4934,16980.0,
4935,16981.0,
4936,16982.0,
4937,16983.0,
4938,16984.0,
4939,16985.0,
4940,16986.0,
4941,16987.0,
4942,16988.0,
4943,16989.0,2.57
4944,16990.0,
4945,16991.0,
4946,16992.0,
4947,16993.0,
4948,16994.0,
4949,16995.0,
4950,16996.0,
4951,16997.0,
4952,16998.0,
4953,16999.0,
4954,17000.0,
4955,17001.0,
4956,17002.0,
4957,17003.0,
4958,17004.0,
4959,17005.0,
4960,17006.0,
4961,17007.0,
4962,17008.0,
4963,17009.0,
4964,17010.0,
4965,17011.0,
4966,17012.0,
4967,17013.0,
4968,17014.0,
4969,17015.0,
4970,17016.0,
4971,17017.0,
4972,17018.0,
4973,17019.0,
4974,17020.0,
4975,17021.0,
4976,17022.0,
4977,17023.0,
4978,17024.0,
4979,17025.0,
4980,17026.0,
4981,17027.0,
4982,17028.0,
4983,17029.0,
4984,17030.0,
4985,17031.0,
4986,17032.0,
4987,17033.0,
4988,17034.0,
4989,17035.0,
4990,17036.0,
4991,17037.0,
4992,17038.0,
4993,17039.0,
4994,17040.0,
4995,17041.0,
4996,17042.0,
4997,17043.0,
4998,17044.0,3.27
4999,17045.0,
5000,17046.0,
5001,17047.0,
5002,17048.0,
5003,17049.0,
5004,17050.0,3.37
5005,17051.0,
5006,17052.0,
5007,17053.0,
5008,17054.0,
5009,17055.0,
5010,17056.0,
5011,17057.0,
5012,17058.0,
5013,17059.0,
5014,17060.0,
5015,17061.0,
5016,17062.0,
5017,17063.0,
5018,17064.0,
5019,17065.0,
5020,17066.0,
5021,17067.0,
5022,17068.0,
5023,17069.0,
5024,17070.0,
5025,17071.0,
5026,17072.0,
5027,17073.0,
5028,17074.0,
5029,17075.0,
5030,17076.0,
5031,17077.0,3.73
5032,17078.0,
5033,17079.0,
5034,17080.0,
5035,17081.0,
5036,17082.0,
5037,17083.0,
5038,17084.0,
5039,17085.0,
5040,17086.0,
5041,17087.0,
5042,17088.0,
5043,17089.0,
5044,17090.0,
5045,17091.0,
5046,17092.0,
5047,17093.0,
5048,17094.0,
5049,17095.0,
5050,17096.0,
5051,17097.0,
5052,17098.0,
5053,17099.0,
5054,17100.0,
5055,17101.0,
5056,17102.0,
5057,17103.0,
5058,17104.0,
5059,17105.0,
5060,17106.0,
5061,17107.0,
5062,17108.0,
5063,17109.0,
5064,17110.0,
5065,17111.0,
5066,17112.0,
5067,17113.0,3.78
5068,17114.0,
5069,17115.0,
5070,17116.0,
5071,17117.0,
5072,17118.0,
5073,17119.0,
5074,17120.0,
5075,17121.0,
5076,17122.0,
5077,17123.0,
5078,17124.0,
5079,17125.0,
5080,17126.0,
5081,17127.0,
5082,17128.0,
5083,17129.0,
5084,17130.0,
5085,17131.0,
5086,17132.0,
5087,17133.0,
5088,17134.0,
5089,17135.0,
5090,17136.0,
5091,17137.0,
5092,17138.0,
5093,17139.0,
5094,17140.0,
5095,17141.0,5.12
5096,17142.0,
5097,17143.0,
5098,17144.0,
5099,17145.0,
5100,17146.0,
5101,17147.0,
5102,17148.0,
5103,17149.0,
5104,17150.0,
5105,17151.0,
5106,17152.0,
5107,17153.0,
5108,17154.0,
5109,17155.0,
5110,17156.0,
5111,17157.0,
5112,17158.0,
5113,17159.0,
5114,17160.0,
5115,17161.0,
5116,17162.0,
5117,17163.0,
5118,17164.0,
5119,17165.0,
5120,17166.0,
5121,17167.0,
5122,17168.0,
5123,17169.0,
5124,17170.0,
5125,17171.0,
5126,17172.0,
5127,17173.0,
5128,17174.0,
5129,17175.0,
5130,17176.0,
5131,17177.0,
5132,17178.0,
5133,17179.0,
5134,17180.0,
5135,17181.0,
5136,17182.0,
5137,17183.0,
5138,17184.0,
5139,17185.0,
5140,17186.0,
5141,17187.0,
5142,17188.0,
5143,17189.0,
5144,17190.0,
5145,17191.0,
5146,17192.0,
5147,17193.0,
5148,17194.0,
5149,17195.0,
5150,17196.0,
5151,17197.0,
5152,17198.0,
5153,17199.0,
5154,17200.0,
5155,17201.0,
5156,17202.0,
5157,17203.0,
5158,17204.0,13.1
5159,17205.0,
5160,17206.0,
5161,17207.0,15.5
5162,17208.0,
5163,17209.0,
5164,17210.0,
5165,17211.0,
5166,17212.0,
5167,17213.0,
5168,17214.0,
5169,17215.0,
5170,17216.0,
5171,17217.0,
5172,17218.0,
5173,17219.0,
5174,17220.0,
5175,17221.0,
5176,17222.0,
5177,17223.0,
5178,17224.0,
5179,17225.0,
5180,17226.0,
5181,17227.0,
5182,17228.0,
5183,17229.0,
5184,17230.0,
5185,17231.0,
5186,17232.0,
5187,17233.0,
5188,17234.0,
5189,17235.0,
5190,17236.0,
5191,17237.0,
5192,17238.0,10.3
5193,17239.0,
5194,17240.0,
5195,17241.0,
5196,17242.0,
5197,17243.0,
5198,17244.0,
5199,17245.0,
5200,17246.0,
5201,17247.0,
5202,17248.0,
5203,17249.0,
5204,17250.0,
5205,17251.0,
5206,17252.0,
5207,17253.0,
5208,17254.0,
5209,17255.0,
5210,17256.0,
5211,17257.0,
5212,17258.0,
5213,17259.0,
5214,17260.0,
5215,17261.0,3.07
5216,17262.0,
5217,17263.0,
5218,17264.0,
5219,17265.0,
5220,17266.0,
5221,17267.0,
5222,17268.0,
5223,17269.0,
5224,17270.0,
5225,17271.0,
5226,17272.0,
5227,17273.0,
5228,17274.0,
5229,17275.0,
5230,17276.0,
5231,17277.0,
5232,17278.0,
5233,17279.0,
5234,17280.0,
5235,17281.0,
5236,17282.0,
5237,17283.0,
5238,17284.0,
5239,17285.0,
5240,17286.0,
5241,17287.0,
5242,17288.0,
5243,17289.0,
5244,17290.0,
5245,17291.0,
5246,17292.0,
5247,17293.0,
5248,17294.0,
5249,17295.0,
5250,17296.0,
